"Representative Comey,

I hope this email finds you well. I'm a researcher with Govpack, an open-source technology that aggregates data on state- and local-level elected officials, allowing local newspapers to easily build candidate profiles and election guides. I'm in the process of data collection, and I wanted to make sure that I have complete, accurate data to fill out your profile.

This is the information I've collected:
• Name: Robin E. Comey
• Official Facebook: https://www.facebook.com/RepComey
• Personal Facebook: https://www.facebook.com/rcomey
• Campaign Facebook: https://www.facebook.com/BranfordRobin
• Official Twitter: https://twitter.com/robincomey?lang=en
• Email: Robin.Comey@cga.ct.gov
• Birth Date: 9/16/67
• Capitol Address: Legislative Office Building, Room 4000; Hartford, CT 06106-1591
• Capitol Phone: 860-240-8585
• District Address: 109 Shore Drive; Branford, CT 06405
• District Phone: 203-415-5613
• Youtube: https://www.youtube.com/channel/UCrcQ-hBOTsy2tBA0bY5lDuA
• Official Instagram: https://www.instagram.com/robincomey/

I'm missing some information too, and I'm hoping you could help me fill in the gaps. I want to make sure that my data is equally robust for every public official. 

Here's the information I'm still looking for:
• Personal Twitter
• Campaign Twitter
• Personal Instagram
• Campaign Instagram
"
"Representative Haines,

I hope this email finds you well. I'm a researcher with Govpack, an open-source technology that aggregates data on state- and local-level elected officials, allowing local newspapers to easily build candidate profiles and election guides. I'm in the process of data collection, and I wanted to make sure that I have complete, accurate data to fill out your profile.

This is the information I've collected:
• Name: Irene M. Haines
• Official Facebook: https://www.facebook.com/RepHaines34
• Personal Facebook: https://www.facebook.com/irene.haines.5
• Campaign Facebook: https://www.facebook.com/IreneHainesPolitician
• Campaign Twitter: https://twitter.com/IreneHaines9
• Email: Irene.Haines@housegop.ct.gov
• Capitol Address: Legislative Office Building, Room 4200; Hartford, CT 06106-1591
• Capitol Phone: 860-240-8700
• District Address: 112 Shanaghan Road; East Haddam, CT 06423
• District Phone: 860-608-8931
• Youtube: https://www.youtube.com/watch?v=tJrgbLLd1ns&list=PLqPLZyIoa1byfvAcMg7wGJA8JGUmS6Frz
• Campaign Instagram: https://www.instagram.com/irenehaines/

I'm missing some information too, and I'm hoping you could help me fill in the gaps. I want to make sure that my data is equally robust for every public official. 

Here's the information I'm still looking for:
• Official Twitter
• Personal Twitter
• Birth Date
• Official Instagram
• Personal Instagram
"
"Senator Haskell,

I hope this email finds you well. I'm a researcher with Govpack, an open-source technology that aggregates data on state- and local-level elected officials, allowing local newspapers to easily build candidate profiles and election guides. I'm in the process of data collection, and I wanted to make sure that I have complete, accurate data to fill out your profile.

This is the information I've collected:
• Name: Will Haskell
• Official Facebook: https://www.facebook.com/WillHaskellforCT
• Personal Facebook: https://www.facebook.com/will.haskell.98
• Official Twitter: https://twitter.com/WillHaskellCT
• Email: will.haskell@cga.ct.gov
• Birth Date: 6/28/96
• Capitol Address: Legislative Office Building, Room 2200; Hartford, CT 06106-1591
• Capitol Phone: 860-240-0068
• District Address: 125 Weston Road; Westport, CT 06880
• Youtube: https://www.youtube.com/watch?v=Iyt8lPjlxs8&list=PLOK0gFq0jsT4IjpFYjB7hx9S8PYPRsiJk
• Official Instagram: https://www.instagram.com/willhaskellforct/

I'm missing some information too, and I'm hoping you could help me fill in the gaps. I want to make sure that my data is equally robust for every public official. 

Here's the information I'm still looking for:
• Campaign Facebook
• Personal Twitter
• Campaign Twitter
• District Phone
• Personal Instagram
• Campaign Instagram
"
"Senator Looney,

I hope this email finds you well. I'm a researcher with Govpack, an open-source technology that aggregates data on state- and local-level elected officials, allowing local newspapers to easily build candidate profiles and election guides. I'm in the process of data collection, and I wanted to make sure that I have complete, accurate data to fill out your profile.

This is the information I've collected:
• Name: Martin M. Looney
• Official Facebook: https://www.facebook.com/SenatorLooney
• Personal Facebook: https://www.facebook.com/pages/Martin-Looney/109211415772774
• Campaign Facebook: https://www.facebook.com/ReElectMartinLooney
• Email: Looney@State Senatedems.ct.gov
• Birth Date: 7/23/48
• Capitol Address: Legislative Office Building, Room 3300; Hartford, CT 06106-1591
• Capitol Phone: 860-240-0375
• District Address: 132 Fort Hale Road; New Haven, CT 06512
• District Phone: 203-468-8829
• Youtube: https://www.youtube.com/watch?v=5bcF8gGMm1c&list=PL2456F6F480779D56

I'm missing some information too, and I'm hoping you could help me fill in the gaps. I want to make sure that my data is equally robust for every public official. 

Here's the information I'm still looking for:
• Official Twitter
• Personal Twitter
• Campaign Twitter
• Official Instagram
• Personal Instagram
• Campaign Instagram
"
"Representative Tercyak,

I hope this email finds you well. I'm a researcher with Govpack, an open-source technology that aggregates data on state- and local-level elected officials, allowing local newspapers to easily build candidate profiles and election guides. I'm in the process of data collection, and I wanted to make sure that I have complete, accurate data to fill out your profile.

This is the information I've collected:
• Name: Peter A. Tercyak
• Official Facebook: https://www.facebook.com/PeterTercyak
• Email: Peter.Tercyak@cga.ct.gov
• Birth Date: 12/27/54
• Capitol Address: Legislative Office Building, Room 4025; Hartford, CT 06106-1591
• Capitol Phone: 860-240-8585
• District Address: 150 Belridge Road; New Britain, CT 06053

I'm missing some information too, and I'm hoping you could help me fill in the gaps. I want to make sure that my data is equally robust for every public official. 

Here's the information I'm still looking for:
• Personal Facebook
• Campaign Facebook
• Official Twitter
• Personal Twitter
• Campaign Twitter
• District Phone
• Youtube
• Official Instagram
• Personal Instagram
• Campaign Instagram
"
"Representative McCarthy Vahey,

I hope this email finds you well. I'm a researcher with Govpack, an open-source technology that aggregates data on state- and local-level elected officials, allowing local newspapers to easily build candidate profiles and election guides. I'm in the process of data collection, and I wanted to make sure that I have complete, accurate data to fill out your profile.

This is the information I've collected:
• Name: Cristin McCarthy Vahey
• Official Facebook: https://www.facebook.com/RepMcCarthyVahey
• Personal Facebook: https://www.facebook.com/cristin.mccarthyvahey
• Campaign Facebook: https://www.facebook.com/cmccarthyvahey
• Official Twitter: https://twitter.com/CMcCarthyVahey
• Email: Cristin.McCarthyVahey@cga.ct.gov
• Capitol Address: Legislative Office Building, Room 2103; Hartford, CT 06106-1591
• Capitol Phone: 860-240-8585
• District Address: 1625 Melville Avenue; Fairfield, CT 06825
• Youtube: https://www.youtube.com/channel/UCBE8ZqbkAzszAky39y8rZtw
• Official Instagram: https://www.instagram.com/cristinmccarthyvahey/?hl=en

I'm missing some information too, and I'm hoping you could help me fill in the gaps. I want to make sure that my data is equally robust for every public official. 

Here's the information I'm still looking for:
• Personal Twitter
• Campaign Twitter
• Birth Date
• District Phone
• Personal Instagram
• Campaign Instagram
"
"Representative Fishbein,

I hope this email finds you well. I'm a researcher with Govpack, an open-source technology that aggregates data on state- and local-level elected officials, allowing local newspapers to easily build candidate profiles and election guides. I'm in the process of data collection, and I wanted to make sure that I have complete, accurate data to fill out your profile.

This is the information I've collected:
• Name: Craig C. Fishbein
• Official Facebook: https://www.facebook.com/repfishbein/
• Official Twitter: https://twitter.com/CraigFishbein
• Email: Craig.Fishbein@housegop.ct.gov
• Birth Date: 7/16/65
• Capitol Address: Legislative Office Building, Room 4200; Hartford, CT 06106-1591
• Capitol Phone: 860-240-8700
• District Address: 179 Grieb Road; Wallingford, CT 06492
• Youtube: https://www.youtube.com/channel/UCybMyeWzUJDmpEw4njo5ZkA
• Official Instagram: https://www.instagram.com/ccfishbein/?hl=en

I'm missing some information too, and I'm hoping you could help me fill in the gaps. I want to make sure that my data is equally robust for every public official. 

Here's the information I'm still looking for:
• Personal Facebook
• Campaign Facebook
• Personal Twitter
• Campaign Twitter
• District Phone
• Personal Instagram
• Campaign Instagram
"
"Senator Osten,

I hope this email finds you well. I'm a researcher with Govpack, an open-source technology that aggregates data on state- and local-level elected officials, allowing local newspapers to easily build candidate profiles and election guides. I'm in the process of data collection, and I wanted to make sure that I have complete, accurate data to fill out your profile.

This is the information I've collected:
• Name: Catherine A. Osten
• Official Facebook: https://www.facebook.com/CathyOstenCT
• Personal Facebook: https://www.facebook.com/cathyosten612016
• Personal Twitter: https://twitter.com/CathyOsten
• Email: Catherine.Osten@cga.ct.gov
• Capitol Address: Legislative Office Building, Room 2700; Hartford, CT 06106-1591
• Capitol Phone: 860-240-0579
• District Address: 187 Scotland Road; Baltic, CT 06330
• Youtube: https://www.youtube.com/watch?v=uIu6qBOoHno&list=PLeQyZ24rIcSSYFC3LyxramVLbNyYTVr9t
• Official Instagram: https://www.instagram.com/catherineosten/

I'm missing some information too, and I'm hoping you could help me fill in the gaps. I want to make sure that my data is equally robust for every public official. 

Here's the information I'm still looking for:
• Campaign Facebook
• Official Twitter
• Campaign Twitter
• Birth Date
• District Phone
• Personal Instagram
• Campaign Instagram
"
"Representative Barry,

I hope this email finds you well. I'm a researcher with Govpack, an open-source technology that aggregates data on state- and local-level elected officials, allowing local newspapers to easily build candidate profiles and election guides. I'm in the process of data collection, and I wanted to make sure that I have complete, accurate data to fill out your profile.

This is the information I've collected:
• Name: Jill Barry
• Official Facebook: https://www.facebook.com/RepBarry31
• Campaign Facebook: https://www.facebook.com/Barry4CT
• Personal Twitter: https://twitter.com/jillbarry1112
• Email: Jill.Barry@cga.ct.gov
• Birth Date: 11/12/73
• Capitol Address: Legislative Office Building, Room 3103; Hartford, CT 06106-1591
• Capitol Phone: 860-240-8585
• District Address: 199 Cavan Lane; Glastonbury, CT 06033
• Personal Instagram: https://www.instagram.com/jillian1112/

I'm missing some information too, and I'm hoping you could help me fill in the gaps. I want to make sure that my data is equally robust for every public official. 

Here's the information I'm still looking for:
• Personal Facebook
• Official Twitter
• Campaign Twitter
• District Phone
• Youtube
• Official Instagram
• Campaign Instagram
"
"Senator Hartley,

I hope this email finds you well. I'm a researcher with Govpack, an open-source technology that aggregates data on state- and local-level elected officials, allowing local newspapers to easily build candidate profiles and election guides. I'm in the process of data collection, and I wanted to make sure that I have complete, accurate data to fill out your profile.

This is the information I've collected:
• Name: Joan V. Hartley
• Official Facebook: https://www.facebook.com/SenatorJoanHartley
• Personal Facebook: https://www.facebook.com/joan.hartley.779/
• Email: Hartley@State Senatedems.ct.gov
• Capitol Address: Legislative Office Building, Room 2100; Hartford, CT 06106-1591
• Capitol Phone: 860-240-0006
• District Address: 206 Columbia Blvd.; Waterbury, CT 06710
• Youtube: https://www.youtube.com/watch?v=Q9rm0UadTLY&list=PLE24B47368F004880

I'm missing some information too, and I'm hoping you could help me fill in the gaps. I want to make sure that my data is equally robust for every public official. 

Here's the information I'm still looking for:
• Campaign Facebook
• Official Twitter
• Personal Twitter
• Campaign Twitter
• Birth Date
• District Phone
• Official Instagram
• Personal Instagram
• Campaign Instagram
"
"Representative McCarty,

I hope this email finds you well. I'm a researcher with Govpack, an open-source technology that aggregates data on state- and local-level elected officials, allowing local newspapers to easily build candidate profiles and election guides. I'm in the process of data collection, and I wanted to make sure that I have complete, accurate data to fill out your profile.

This is the information I've collected:
• Name: Kathleen M. McCarty
• Official Facebook: https://www.facebook.com/repmccarty
• Personal Facebook: https://www.facebook.com/kathleen.mccarty.946
• Campaign Facebook: https://www.facebook.com/profile.php?id=100068039149545
• Email: Kathleen.McCarty@housegop.ct.gov
• Birth Date: 12/2/49
• Capitol Address: Legislative Office Building, Room 4046; Hartford, CT 06106-1591
• Capitol Phone: 860-240-8700
• District Address: 226 Great Neck Road; Waterford, CT 06385
• District Phone: 860-442-2903
• Youtube: https://www.youtube.com/watch?v=3zrA0T3VQvw&list=PLqPLZyIoa1bz6ENJklRy260LWeaKCx9WV
• Official Instagram: https://www.instagram.com/repmccarty/?hl=en
• Campaign Instagram: https://www.instagram.com/kathleen_mccarty_state_rep/?hl=en

I'm missing some information too, and I'm hoping you could help me fill in the gaps. I want to make sure that my data is equally robust for every public official. 

Here's the information I'm still looking for:
• Official Twitter
• Personal Twitter
• Campaign Twitter
• Personal Instagram
"
"Senator Kelly,

I hope this email finds you well. I'm a researcher with Govpack, an open-source technology that aggregates data on state- and local-level elected officials, allowing local newspapers to easily build candidate profiles and election guides. I'm in the process of data collection, and I wanted to make sure that I have complete, accurate data to fill out your profile.

This is the information I've collected:
• Name: Kevin C. Kelly
• Official Facebook: https://www.facebook.com/senatorkevinkelly
• Campaign Facebook: https://www.facebook.com/KevinKellyforCT
• Official Twitter: https://twitter.com/21KevinKelly
• Email: Kevin.Kelly@cga.ct.gov
• Capitol Address: Legislative Office Building, Room 2803; Hartford, CT 06106-1591
• Capitol Phone: 860-240-8800
• District Address: 240 York Street; Stratford, CT 06615
• Youtube: https://www.youtube.com/watch?v=1xl9NqvQvDM&list=PLD51C3410BCD8115A
• Official Instagram: https://www.instagram.com/senatorkevinckelly/?hl=en

I'm missing some information too, and I'm hoping you could help me fill in the gaps. I want to make sure that my data is equally robust for every public official. 

Here's the information I'm still looking for:
• Personal Facebook
• Personal Twitter
• Campaign Twitter
• Birth Date
• District Phone
• Personal Instagram
• Campaign Instagram
"
"Representative Allie-Brennan,

I hope this email finds you well. I'm a researcher with Govpack, an open-source technology that aggregates data on state- and local-level elected officials, allowing local newspapers to easily build candidate profiles and election guides. I'm in the process of data collection, and I wanted to make sure that I have complete, accurate data to fill out your profile.

This is the information I've collected:
• Name: Raghib Allie-Brennan
• Official Facebook: https://www.facebook.com/raghibct
• Personal Facebook: https://www.facebook.com/ralliebrennan
• Official Twitter: https://twitter.com/raghibct
• Email: Raghib.Allie-Brennan@cga.ct.gov
• Birth Date: 7/20/91
• Capitol Address: Legislative Office Building, Room 4000; Hartford, CT 06106-1591
• Capitol Phone: 860-240-8585
• District Address: 26 Grassy Plain Street, Unit 106; Bethel, CT 06801
• District Phone: 203-241-6034
• Youtube: https://www.youtube.com/channel/UCrVz9HIOvtsivOM6zyw9njQ
• Official Instagram: https://www.instagram.com/raghibct/?hl=en

I'm missing some information too, and I'm hoping you could help me fill in the gaps. I want to make sure that my data is equally robust for every public official. 

Here's the information I'm still looking for:
• Campaign Facebook
• Personal Twitter
• Campaign Twitter
• Personal Instagram
• Campaign Instagram
"
"Representative Fox,

I hope this email finds you well. I'm a researcher with Govpack, an open-source technology that aggregates data on state- and local-level elected officials, allowing local newspapers to easily build candidate profiles and election guides. I'm in the process of data collection, and I wanted to make sure that I have complete, accurate data to fill out your profile.

This is the information I've collected:
• Name: Daniel J. Fox
• Official Facebook: https://www.facebook.com/RepFox
• Email: Dan.Fox@cga.ct.gov
• Birth Date: 9/23/76
• Capitol Address: Legislative Office Building, Room 2202; Hartford, CT 06106-1591
• Capitol Phone: 860-240-8585
• District Address: 28 Pierce Place; Stamford, CT 06906
• District Phone: 203-569-6290

I'm missing some information too, and I'm hoping you could help me fill in the gaps. I want to make sure that my data is equally robust for every public official. 

Here's the information I'm still looking for:
• Personal Facebook
• Campaign Facebook
• Official Twitter
• Personal Twitter
• Campaign Twitter
• Youtube
• Official Instagram
• Personal Instagram
• Campaign Instagram
"
"Representative Carpino,

I hope this email finds you well. I'm a researcher with Govpack, an open-source technology that aggregates data on state- and local-level elected officials, allowing local newspapers to easily build candidate profiles and election guides. I'm in the process of data collection, and I wanted to make sure that I have complete, accurate data to fill out your profile.

This is the information I've collected:
• Name: Christie M. Carpino
• Official Facebook: https://www.facebook.com/repcarpino
• Personal Facebook: https://www.facebook.com/christie.carpino
• Email: christie.carpino@housegop.ct.gov
• Birth Date: 1975
• Capitol Address: Legislative Office Building, Room 4065; Hartford, CT 06106-1591
• Capitol Phone: 860-240-8700
• District Address: 29 Sovereign Ridge; Cromwell, CT 06416
• District Phone: 860-635-8725
• Youtube: https://www.youtube.com/watch?v=DteOYHptrpk&list=PL9E6D0EE09D24C56D

I'm missing some information too, and I'm hoping you could help me fill in the gaps. I want to make sure that my data is equally robust for every public official. 

Here's the information I'm still looking for:
• Campaign Facebook
• Official Twitter
• Personal Twitter
• Campaign Twitter
• Official Instagram
• Personal Instagram
• Campaign Instagram
"
"Representative McGorty,

I hope this email finds you well. I'm a researcher with Govpack, an open-source technology that aggregates data on state- and local-level elected officials, allowing local newspapers to easily build candidate profiles and election guides. I'm in the process of data collection, and I wanted to make sure that I have complete, accurate data to fill out your profile.

This is the information I've collected:
• Name: Ben McGorty
• Official Facebook: https://www.facebook.com/RepMcGorty
• Personal Facebook: https://www.facebook.com/ben.mcgorty
• Personal Twitter: https://mobile.twitter.com/benmcgorty
• Email: Ben.McGorty@housegop.ct.gov
• Birth Date: 5/2/64
• Capitol Address: Legislative Office Building, Room 4062; Hartford, CT 06106-1591
• Capitol Phone: 860-240-8700
• District Address: 30 Wigwam Drive; Shelton, CT 06484
• Youtube: https://www.youtube.com/watch?v=urDrFNElBPo&list=PLqPLZyIoa1bx1SwqTqMeRBk4EMKri8SpE
• Personal Instagram: https://www.instagram.com/benmcgorty/

I'm missing some information too, and I'm hoping you could help me fill in the gaps. I want to make sure that my data is equally robust for every public official. 

Here's the information I'm still looking for:
• Campaign Facebook
• Official Twitter
• Campaign Twitter
• District Phone
• Official Instagram
• Campaign Instagram
"
"Representative Lanoue,

I hope this email finds you well. I'm a researcher with Govpack, an open-source technology that aggregates data on state- and local-level elected officials, allowing local newspapers to easily build candidate profiles and election guides. I'm in the process of data collection, and I wanted to make sure that I have complete, accurate data to fill out your profile.

This is the information I've collected:
• Name: Brian Lanoue
• Official Facebook: https://www.facebook.com/RepLanoue
• Personal Facebook: https://www.facebook.com/brian.lanoue.353
• Email: Brian.Lanoue@housegop.ct.gov
• Birth Date: 1/29/82
• Capitol Address: Legislative Office Building, Room 4200; Hartford, CT 06106-1591
• Capitol Phone: 860-240-8700
• District Address: 35 Kenwood Estates; Griswold, CT 06351
• District Phone: 860-376-9354
• Campaign Instagram: https://www.instagram.com/youthforlanoue/?hl=en

I'm missing some information too, and I'm hoping you could help me fill in the gaps. I want to make sure that my data is equally robust for every public official. 

Here's the information I'm still looking for:
• Campaign Facebook
• Official Twitter
• Personal Twitter
• Campaign Twitter
• Youtube
• Official Instagram
• Personal Instagram
"
"Representative Zupkus,

I hope this email finds you well. I'm a researcher with Govpack, an open-source technology that aggregates data on state- and local-level elected officials, allowing local newspapers to easily build candidate profiles and election guides. I'm in the process of data collection, and I wanted to make sure that I have complete, accurate data to fill out your profile.

This is the information I've collected:
• Name: Lezlye Zupkus
• Official Facebook: https://www.facebook.com/repzupkus
• Personal Facebook: https://www.facebook.com/lezlye.zupkus
• Campaign Facebook: https://www.facebook.com/Zupkus2020
• Email: Lezlye.Zupkus@housegop.ct.gov
• Birth Date: 7/2/66
• Capitol Address: Legislative Office Building, Room 4083; Hartford, CT 06106-1591
• Capitol Phone: 860-240-8700
• District Address: 38 Colonial Drive; Prospect, CT 06712
• District Phone: 203-758-0029
• Youtube: https://www.youtube.com/watch?v=dVx1N_aTdDg&list=PLqPLZyIoa1byZYA5Wy1_I6gLykPIoR3KT
• Personal Instagram: https://www.instagram.com/lezlyezupkus/?hl=en

I'm missing some information too, and I'm hoping you could help me fill in the gaps. I want to make sure that my data is equally robust for every public official. 

Here's the information I'm still looking for:
• Official Twitter
• Personal Twitter
• Campaign Twitter
• Official Instagram
• Campaign Instagram
"
"Representative Garibay,

I hope this email finds you well. I'm a researcher with Govpack, an open-source technology that aggregates data on state- and local-level elected officials, allowing local newspapers to easily build candidate profiles and election guides. I'm in the process of data collection, and I wanted to make sure that I have complete, accurate data to fill out your profile.

This is the information I've collected:
• Name: Jane M. Garibay
• Official Facebook: https://www.facebook.com/RepJaneGaribay
• Personal Facebook: https://www.facebook.com/jane.garibay.3
• Official Twitter: https://twitter.com/repjanegaribay
• Email: Jane.Garibay@cga.ct.gov
• Birth Date: 9/26/55
• Capitol Address: Legislative Office Building, Room 4000; Hartford, CT 06106-1591
• Capitol Phone: 860-240-8585
• District Address: 409 Broad Street; Windsor, CT 06095
• District Phone: 860-882-8842
• Personal Instagram: https://www.instagram.com/janegaribay/
• Campaign Instagram: https://www.instagram.com/janegaribayforhouse/

I'm missing some information too, and I'm hoping you could help me fill in the gaps. I want to make sure that my data is equally robust for every public official. 

Here's the information I'm still looking for:
• Campaign Facebook
• Personal Twitter
• Campaign Twitter
• Youtube
• Official Instagram
"
"Representative Cook,

I hope this email finds you well. I'm a researcher with Govpack, an open-source technology that aggregates data on state- and local-level elected officials, allowing local newspapers to easily build candidate profiles and election guides. I'm in the process of data collection, and I wanted to make sure that I have complete, accurate data to fill out your profile.

This is the information I've collected:
• Name: Michelle L. Cook
• Official Facebook: https://www.facebook.com/repcook
• Email: Michelle.Cook@cga.ct.gov
• Birth Date: 1/19/70
• Capitol Address: Legislative Office Building, Room 4035; Hartford, CT 06106-1591
• Capitol Phone: 860-240-8585
• District Address: 499 Charles Street; Torrington, CT 06790
• District Phone: 860-489-8038
• Campaign Instagram: https://www.instagram.com/cookfor65/?hl=en

I'm missing some information too, and I'm hoping you could help me fill in the gaps. I want to make sure that my data is equally robust for every public official. 

Here's the information I'm still looking for:
• Personal Facebook
• Campaign Facebook
• Official Twitter
• Personal Twitter
• Campaign Twitter
• Youtube
• Official Instagram
• Personal Instagram
"
"Representative Piscopo,

I hope this email finds you well. I'm a researcher with Govpack, an open-source technology that aggregates data on state- and local-level elected officials, allowing local newspapers to easily build candidate profiles and election guides. I'm in the process of data collection, and I wanted to make sure that I have complete, accurate data to fill out your profile.

This is the information I've collected:
• Name: John E. Piscopo
• Official Facebook: https://www.facebook.com/RepPiscopo
• Campaign Facebook: https://www.facebook.com/Piscopo4StateRep
• Email: John.Piscopo@housegop.ct.gov
• Birth Date: 9/21/55
• Capitol Address: Legislative Office Building, Room 4086; Hartford, CT 06106-1591
• Capitol Phone: 860-240-8700
• District Address: 50 Judson Street; Thomaston, CT 06787
• Youtube: https://www.youtube.com/watch?v=Zqnkv-IxQkU&list=PL916868CA986CF8D9

I'm missing some information too, and I'm hoping you could help me fill in the gaps. I want to make sure that my data is equally robust for every public official. 

Here's the information I'm still looking for:
• Personal Facebook
• Official Twitter
• Personal Twitter
• Campaign Twitter
• District Phone
• Official Instagram
• Personal Instagram
• Campaign Instagram
"
"Senator Slap,

I hope this email finds you well. I'm a researcher with Govpack, an open-source technology that aggregates data on state- and local-level elected officials, allowing local newspapers to easily build candidate profiles and election guides. I'm in the process of data collection, and I wanted to make sure that I have complete, accurate data to fill out your profile.

This is the information I've collected:
• Name: Derek Slap
• Official Facebook: https://www.facebook.com/SenatorDerekSlap
• Personal Facebook: https://www.facebook.com/derek.slap
• Personal Twitter: https://twitter.com/derekslap
• Campaign Twitter: https://mobile.twitter.com/slapforsenate
• Email: derek.slap@cga.ct.gov
• Birth Date: 1974
• Capitol Address: Legislative Office Building, Room 1000; Hartford, CT 06106-1591
• Capitol Phone: 860-240-1436
• District Address: 51 Fairlee Road; West Hartford, CT 06107
• Personal Instagram: https://www.instagram.com/derekslap/?hl=en
• Campaign Instagram: https://www.instagram.com/slapforsenate/?hl=en

I'm missing some information too, and I'm hoping you could help me fill in the gaps. I want to make sure that my data is equally robust for every public official. 

Here's the information I'm still looking for:
• Campaign Facebook
• Official Twitter
• District Phone
• Youtube
• Official Instagram
"
"Representative Courtney,

I hope this email finds you well. I'm a researcher with Govpack, an open-source technology that aggregates data on state- and local-level elected officials, allowing local newspapers to easily build candidate profiles and election guides. I'm in the process of data collection, and I wanted to make sure that I have complete, accurate data to fill out your profile.

This is the information I've collected:
• Name: Joe Courtney
• Official Facebook: https://www.facebook.com/joecourtney
• Campaign Facebook: https://www.facebook.com/CourtneyforCongress
• Official Twitter: https://twitter.com/RepJoeCourtney
• Campaign Twitter: https://twitter.com/joecourtneyct
• Email: Info@JoeCourtney.com
• Birth Date: 4/6/53
• Capitol Address: 2449 Rayburn House Office Building; Washington, DC 20515
• Capitol Phone: 202-225-2076
• District Address: 55 Main St. Suite 250; Norwich, CT 06360
• District Phone: 860-886-0139
• Youtube: https://www.youtube.com/c/RepCourtneyCT2
• Official Instagram: https://www.instagram.com/repjoecourtney/?hl=en
• Campaign Instagram: https://www.instagram.com/joecourtneyct/?hl=en

I'm missing some information too, and I'm hoping you could help me fill in the gaps. I want to make sure that my data is equally robust for every public official. 

Here's the information I'm still looking for:
• Personal Facebook
• Personal Twitter
• Personal Instagram
"
"Representative DeLauro,

I hope this email finds you well. I'm a researcher with Govpack, an open-source technology that aggregates data on state- and local-level elected officials, allowing local newspapers to easily build candidate profiles and election guides. I'm in the process of data collection, and I wanted to make sure that I have complete, accurate data to fill out your profile.

This is the information I've collected:
• Name: Rosa L. DeLauro
• Official Facebook: https://www.facebook.com/CongresswomanRosaDeLauro
• Personal Facebook: https://www.facebook.com/RosaDelauro
• Campaign Facebook: https://www.facebook.com/rosa.delauro.7
• Official Twitter: https://twitter.com/rosadelauro
• Campaign Twitter: https://twitter.com/rosa_delauro
• Birth Date: 3/2/43
• Capitol Address: 2413 Rayburn House Office Building; Washington, DC 20515
• Capitol Phone: 202-225-3661
• District Address: 59 Elm St.; New Haven, CT 06510
• District Phone: 203-562-3718
• Youtube: https://www.youtube.com/user/RosaDeLauro
• Official Instagram: https://www.instagram.com/reprosadelauro/?hl=en
• Campaign Instagram: https://www.instagram.com/rosa_delauro/?hl=en

I'm missing some information too, and I'm hoping you could help me fill in the gaps. I want to make sure that my data is equally robust for every public official. 

Here's the information I'm still looking for:
• Personal Twitter
• Email
• Personal Instagram
"
"Representative Buckbee,

I hope this email finds you well. I'm a researcher with Govpack, an open-source technology that aggregates data on state- and local-level elected officials, allowing local newspapers to easily build candidate profiles and election guides. I'm in the process of data collection, and I wanted to make sure that I have complete, accurate data to fill out your profile.

This is the information I've collected:
• Name: Bill Buckbee
• Official Facebook: https://www.facebook.com/Buckbee67
• Personal Facebook: https://www.facebook.com/reelectbuckbee
• Campaign Facebook: https://www.facebook.com/billy.buckbee
• Official Twitter: https://twitter.com/buckbee_for_nm?lang=en
• Personal Twitter: https://mobile.twitter.com/billybuckbee
• Email: Bill.Buckbee@housegop.ct.gov
• Capitol Address: Legislative Office Building, Room 4041; Hartford, CT 06106-1591
• Capitol Phone: 860-240-8700
• District Address: 64A Lanesville Road; New Milford, CT 06776
• Youtube: https://www.youtube.com/channel/UCxShY7Bv20RbUXmjafAV1PQ

I'm missing some information too, and I'm hoping you could help me fill in the gaps. I want to make sure that my data is equally robust for every public official. 

Here's the information I'm still looking for:
• Campaign Twitter
• Birth Date
• District Phone
• Official Instagram
• Personal Instagram
• Campaign Instagram
"
"Representative Hughes,

I hope this email finds you well. I'm a researcher with Govpack, an open-source technology that aggregates data on state- and local-level elected officials, allowing local newspapers to easily build candidate profiles and election guides. I'm in the process of data collection, and I wanted to make sure that I have complete, accurate data to fill out your profile.

This is the information I've collected:
• Name: Anne M. Hughes
• Official Facebook: https://www.facebook.com/RepAnneHughes
• Personal Facebook: https://www.facebook.com/anne.hughes.94
• Campaign Facebook: https://www.facebook.com/hughesproactivect
• Campaign Twitter: https://twitter.com/repannehughes?
• Email: Anne.Hughes@cga.ct.gov
• Birth Date: 7/3/65
• Capitol Address: Legislative Office Building, Room 4000; Hartford, CT 06106-1591
• Capitol Phone: 860-240-8585
• District Address: 67 North Street; Easton, CT 06612
• District Phone: 203-613-4040
• Youtube: https://www.youtube.com/channel/UCSxz6YTCR6zbR1F6ZSjnjhg
• Campaign Instagram: https://www.instagram.com/repannehughes/?hl=en

I'm missing some information too, and I'm hoping you could help me fill in the gaps. I want to make sure that my data is equally robust for every public official. 

Here's the information I'm still looking for:
• Official Twitter
• Personal Twitter
• Official Instagram
• Personal Instagram
"
"Senator Kushner,

I hope this email finds you well. I'm a researcher with Govpack, an open-source technology that aggregates data on state- and local-level elected officials, allowing local newspapers to easily build candidate profiles and election guides. I'm in the process of data collection, and I wanted to make sure that I have complete, accurate data to fill out your profile.

This is the information I've collected:
• Name: Julie Kushner
• Official Facebook: https://www.facebook.com/SenatorJulie
• Personal Facebook: https://www.facebook.com/julie.kushner.1
• Official Twitter: https://twitter.com/senatorjulie
• Email: Julie.Kushner@cga.ct.gov
• Birth Date: 1952
• Capitol Address: Legislative Office Building, Room 3800; Hartford, CT 06106-1591
• Capitol Phone: 860-240-0509
• District Address: 75 Old Ridgebury Road; Danbury, CT 06810
• District Phone: 203-470-7957
• Youtube: https://www.youtube.com/channel/UCnLHkcT2tB2UzLPfd3tuFBA
• Official Instagram: https://www.instagram.com/senatorjulie/?hl=en

I'm missing some information too, and I'm hoping you could help me fill in the gaps. I want to make sure that my data is equally robust for every public official. 

Here's the information I'm still looking for:
• Campaign Facebook
• Personal Twitter
• Campaign Twitter
• Personal Instagram
• Campaign Instagram
"
"Representative Devlin,

I hope this email finds you well. I'm a researcher with Govpack, an open-source technology that aggregates data on state- and local-level elected officials, allowing local newspapers to easily build candidate profiles and election guides. I'm in the process of data collection, and I wanted to make sure that I have complete, accurate data to fill out your profile.

This is the information I've collected:
• Name: Laura M. Devlin
• Official Facebook: https://www.facebook.com/LauraDevlin134
• Personal Facebook: https://www.facebook.com/LauraMDevlin
• Campaign Facebook: https://www.facebook.com/LauraDevlinCT
• Campaign Twitter: https://twitter.com/ldevlinct
• Email: Laura.Devlin@housegop.ct.gov
• Birth Date: 4/13/60
• Capitol Address: Legislative Office Building, Room 2304; Hartford, CT 06106-1591
• Capitol Phone: 860-240-8700
• District Address: 85 Brett Lane; Fairfield, CT 06824
• Youtube: https://www.youtube.com/watch?v=JuUQn5nL2kM&list=PLqPLZyIoa1bxDc_Zqg3h_PZ9aptAaa3Ws
• Campaign Instagram: https://www.instagram.com/ldevlinct/?hl=en

I'm missing some information too, and I'm hoping you could help me fill in the gaps. I want to make sure that my data is equally robust for every public official. 

Here's the information I'm still looking for:
• Official Twitter
• Personal Twitter
• District Phone
• Official Instagram
• Personal Instagram
"
"Representative Young,

I hope this email finds you well. I'm a researcher with Govpack, an open-source technology that aggregates data on state- and local-level elected officials, allowing local newspapers to easily build candidate profiles and election guides. I'm in the process of data collection, and I wanted to make sure that I have complete, accurate data to fill out your profile.

This is the information I've collected:
• Name: Philip L. Young III
• Official Facebook: https://www.facebook.com/RepPhilYoung
• Campaign Facebook: https://www.facebook.com/PhilYoungforCT
• Campaign Twitter: https://twitter.com/philyoungct?lang=en
• Email: phil.young@cga.ct.gov
• Capitol Address: Legislative Office Building, Room 4100; Hartford, CT 06106-1591
• Capitol Phone: 860-240-8585
• District Address: 88 Wood Avenue; Stratford, CT 06614
• District Phone: 203-502-1458
• Campaign Instagram: https://www.instagram.com/philyoungct/?hl=en

I'm missing some information too, and I'm hoping you could help me fill in the gaps. I want to make sure that my data is equally robust for every public official. 

Here's the information I'm still looking for:
• Personal Facebook
• Official Twitter
• Personal Twitter
• Birth Date
• Youtube
• Official Instagram
• Personal Instagram
"
"Representative Hampton,

I hope this email finds you well. I'm a researcher with Govpack, an open-source technology that aggregates data on state- and local-level elected officials, allowing local newspapers to easily build candidate profiles and election guides. I'm in the process of data collection, and I wanted to make sure that I have complete, accurate data to fill out your profile.

This is the information I've collected:
• Name: John K. Hampton
• Official Facebook: https://www.facebook.com/staterephampton
• Official Twitter: https://twitter.com/repjohnhampton?lang=en
• Email: John.Hampton@cga.ct.gov
• Birth Date: 12/6/66
• Capitol Address: Legislative Office Building, Room 4017; Hartford, CT 06106-1591
• Capitol Phone: 860-240-8568
• District Address: 9 Knoll Lane; Weatogue, CT 06089
• District Phone: 860-803-4072
• Official Instagram: https://www.instagram.com/rep.johnhampton/?hl=en

I'm missing some information too, and I'm hoping you could help me fill in the gaps. I want to make sure that my data is equally robust for every public official. 

Here's the information I'm still looking for:
• Personal Facebook
• Campaign Facebook
• Personal Twitter
• Campaign Twitter
• Youtube
• Personal Instagram
• Campaign Instagram
"
"Senator Anwar,

I hope this email finds you well. I'm a researcher with Govpack, an open-source technology that aggregates data on state- and local-level elected officials, allowing local newspapers to easily build candidate profiles and election guides. I'm in the process of data collection, and I wanted to make sure that I have complete, accurate data to fill out your profile.

This is the information I've collected:
• Name: Saud Anwar
• Official Facebook: https://www.facebook.com/SenatorSaudAnwar
• Personal Facebook: https://www.facebook.com/msaud.anwar
• Official Twitter: https://twitter.com/SaudAnwarCT
• Email: Saud.Anwar@cga.ct.gov
• Birth Date: 10/5/67
• Capitol Address: Legislative Office Building, Room 3300; Hartford, CT 06106-1591
• Capitol Phone: 860-240-0347
• District Address: 93 Rockledge Drive; South Windsor, CT 06074
• Youtube: https://www.youtube.com/channel/UC-dDILLVNFeQdymcf843Uqg
• Official Instagram: https://www.instagram.com/saudanwarct/?hl=en

I'm missing some information too, and I'm hoping you could help me fill in the gaps. I want to make sure that my data is equally robust for every public official. 

Here's the information I'm still looking for:
• Campaign Facebook
• Personal Twitter
• Campaign Twitter
• District Phone
• Personal Instagram
• Campaign Instagram
"
"Representative Scott,

I hope this email finds you well. I'm a researcher with Govpack, an open-source technology that aggregates data on state- and local-level elected officials, allowing local newspapers to easily build candidate profiles and election guides. I'm in the process of data collection, and I wanted to make sure that I have complete, accurate data to fill out your profile.

This is the information I've collected:
• Name: Tony J. Scott
• Official Facebook: https://www.facebook.com/RepScott112th
• Personal Facebook: https://www.facebook.com/psu98alum
• Campaign Facebook: https://www.facebook.com/TonyScottforStateRep
• Personal Twitter: https://twitter.com/iamtonyscott?lang=en
• Email: Tony.Scott@housegop.ct.gov
• Birth Date: 8/14/76
• Capitol Address: Legislative Office Building, Room 4200; Hartford, CT 06106-1591
• Capitol Phone: 860-240-8700
• District Address: 97 Benedict Road; Monroe, CT 06468

I'm missing some information too, and I'm hoping you could help me fill in the gaps. I want to make sure that my data is equally robust for every public official. 

Here's the information I'm still looking for:
• Official Twitter
• Campaign Twitter
• District Phone
• Youtube
• Official Instagram
• Personal Instagram
• Campaign Instagram
"
"Representative Carney,

I hope this email finds you well. I'm a researcher with Govpack, an open-source technology that aggregates data on state- and local-level elected officials, allowing local newspapers to easily build candidate profiles and election guides. I'm in the process of data collection, and I wanted to make sure that I have complete, accurate data to fill out your profile.

This is the information I've collected:
• Name: Devin R. Carney
• Official Facebook: https://www.facebook.com/repcarney
• Campaign Facebook: https://www.facebook.com/DevinCarney2022
• Email: Devin.Carney@housegop.ct.gov
• Birth Date: 5/10/84
• Capitol Address: Legislative Office Building, Room 2304; Hartford, CT 06106-1591
• Capitol Phone: 860-240-8700
• District Address: 99 Grassy Hill Road; Old Lyme, CT 06371
• Youtube: https://www.youtube.com/watch?v=vbh9rkZRqxE&list=PLqPLZyIoa1bx_BaA1HvFKmFDTzHkpomJp
• Official Instagram: https://www.instagram.com/repdevincarney/?hl=en

I'm missing some information too, and I'm hoping you could help me fill in the gaps. I want to make sure that my data is equally robust for every public official. 

Here's the information I'm still looking for:
• Personal Facebook
• Official Twitter
• Personal Twitter
• Campaign Twitter
• District Phone
• Personal Instagram
• Campaign Instagram
"
"Representative Boyd,

I hope this email finds you well. I'm a researcher with Govpack, an open-source technology that aggregates data on state- and local-level elected officials, allowing local newspapers to easily build candidate profiles and election guides. I'm in the process of data collection, and I wanted to make sure that I have complete, accurate data to fill out your profile.

This is the information I've collected:
• Name: Patrick S. Boyd
• Official Facebook: https://www.facebook.com/RepBoyd
• Personal Facebook: https://www.facebook.com/pat.boyd3
• Campaign Facebook: https://www.facebook.com/PatBoydCT
• Official Twitter: https://twitter.com/RepPatBoyd
• Email: Pat.Boyd@cga.ct.gov
• Birth Date: 1/28/81
• Capitol Address: Legislative Office Building, Room 4005; Hartford, CT 06106-1591
• Capitol Phone: 860-240-8585
• District Address: PO Box 153;Pomfret, CT 06258
• District Phone: 860-963-5202
• Official Instagram: https://www.instagram.com/boyd_pat/?hl=en

I'm missing some information too, and I'm hoping you could help me fill in the gaps. I want to make sure that my data is equally robust for every public official. 

Here's the information I'm still looking for:
• Personal Twitter
• Campaign Twitter
• Youtube
• Personal Instagram
• Campaign Instagram
"
"Representative Chafee,

I hope this email finds you well. I'm a researcher with Govpack, an open-source technology that aggregates data on state- and local-level elected officials, allowing local newspapers to easily build candidate profiles and election guides. I'm in the process of data collection, and I wanted to make sure that I have complete, accurate data to fill out your profile.

This is the information I've collected:
• Name: Brandon Chafee
• Official Facebook: https://www.facebook.com/RepBrandonChafee
• Personal Facebook: https://www.facebook.com/BChafee2020
• Official Twitter: https://twitter.com/Bchafee33
• Email: Brandon.Chafee@cga.ct.gov
• Capitol Address: Legislative Office Building, Room 4000; Hartford, CT 06106-1591
• Capitol Phone: 860-240-8585
• District Address: 73 Ten Acre Road; Middletown, CT 06457

I'm missing some information too, and I'm hoping you could help me fill in the gaps. I want to make sure that my data is equally robust for every public official. 

Here's the information I'm still looking for:
• Campaign Facebook
• Personal Twitter
• Campaign Twitter
• Birth Date
• District Phone
• Youtube
• Official Instagram
• Personal Instagram
• Campaign Instagram
"
"Representative Paris,

I hope this email finds you well. I'm a researcher with Govpack, an open-source technology that aggregates data on state- and local-level elected officials, allowing local newspapers to easily build candidate profiles and election guides. I'm in the process of data collection, and I wanted to make sure that I have complete, accurate data to fill out your profile.

This is the information I've collected:
• Name: Corey P. Paris
• Official Facebook: https://www.facebook.com/RepCoreyParis
• Personal Facebook: https://www.facebook.com/UNHcoreyparis
• Campaign Facebook: https://www.facebook.com/CoreyParisforCT
• Official Twitter: https://twitter.com/coreypparis?
• Email: corey.paris@cga.ct.gov
• Capitol Address: Legislative Office Building, Room 4033; Hartford, CT 06106-1591
• Capitol Phone: 860-240-8585
• Youtube: https://www.youtube.com/channel/UCN0ZaeP0BzexmsI6Yhnqhzw/channels
• Official Instagram: https://www.instagram.com/repcoreyparis/
• Personal Instagram: https://www.instagram.com/coreypparis/?hl=en
• Campaign Instagram: https://www.instagram.com/coreyparisforct/

I'm missing some information too, and I'm hoping you could help me fill in the gaps. I want to make sure that my data is equally robust for every public official. 

Here's the information I'm still looking for:
• Personal Twitter
• Campaign Twitter
• Birth Date
• District Address
• District Phone
"
"Representative Vargas,

I hope this email finds you well. I'm a researcher with Govpack, an open-source technology that aggregates data on state- and local-level elected officials, allowing local newspapers to easily build candidate profiles and election guides. I'm in the process of data collection, and I wanted to make sure that I have complete, accurate data to fill out your profile.

This is the information I've collected:
• Name: Edwin Vargas
• Official Facebook: https://www.facebook.com/RepVargas
• Personal Facebook: https://www.facebook.com/vargased
• Email: Edwin.Vargas@cga.ct.gov
• Birth Date: 1/4/49
• Capitol Address: Legislative Office Building, Room 1003; Hartford, CT 06106-1591
• Capitol Phone: 860-240-8585
• District Address: 141 Douglas Street; Hartford, CT 06114
• District Phone: 860-956-1503

I'm missing some information too, and I'm hoping you could help me fill in the gaps. I want to make sure that my data is equally robust for every public official. 

Here's the information I'm still looking for:
• Campaign Facebook
• Official Twitter
• Personal Twitter
• Campaign Twitter
• Youtube
• Official Instagram
• Personal Instagram
• Campaign Instagram
"
"Representative Mastrofrancesco,

I hope this email finds you well. I'm a researcher with Govpack, an open-source technology that aggregates data on state- and local-level elected officials, allowing local newspapers to easily build candidate profiles and election guides. I'm in the process of data collection, and I wanted to make sure that I have complete, accurate data to fill out your profile.

This is the information I've collected:
• Name: Gale L. Mastrofrancesco
• Official Facebook: https://www.facebook.com/staterepgale
• Personal Facebook: https://www.facebook.com/galelanza.mastrofrancesco
• Campaign Facebook: https://www.facebook.com/profile.php?id=100064325910170
• Email: Gale.Mastrofrancesco@housegop.ct.gov
• Birth Date: 1/25/60
• Capitol Address: Legislative Office Building, Room 4200; Hartford, CT 06106-1591
• Capitol Phone: 860-240-8700
• Personal Instagram: https://www.instagram.com/galemastro/?hl=en

I'm missing some information too, and I'm hoping you could help me fill in the gaps. I want to make sure that my data is equally robust for every public official. 

Here's the information I'm still looking for:
• Official Twitter
• Personal Twitter
• Campaign Twitter
• District Address
• District Phone
• Youtube
• Official Instagram
• Campaign Instagram
"
"Representative Delany,

I hope this email finds you well. I'm a researcher with Govpack, an open-source technology that aggregates data on state- and local-level elected officials, allowing local newspapers to easily build candidate profiles and election guides. I'm in the process of data collection, and I wanted to make sure that I have complete, accurate data to fill out your profile.

This is the information I've collected:
• Name: Hubert D. Delany
• Official Facebook: https://www.facebook.com/StateRepDelany
• Personal Facebook: https://www.facebook.com/hubert.delany.5
• Campaign Facebook: https://www.facebook.com/hubertforct
• Official Twitter: https://mobile.twitter.com/hueyd23
• Email: Hubert.Delany@cga.ct.gov
• Birth Date: 1/31/93
• Capitol Address: Legislative Office Bldg, Room 4010; Hartford, CT 06106-1591
• Capitol Phone: 860-240-8585
• Official Instagram: https://www.instagram.com/hubert.delany/?hl=en

I'm missing some information too, and I'm hoping you could help me fill in the gaps. I want to make sure that my data is equally robust for every public official. 

Here's the information I'm still looking for:
• Personal Twitter
• Campaign Twitter
• District Address
• District Phone
• Youtube
• Personal Instagram
• Campaign Instagram
"
"Representative Hall,

I hope this email finds you well. I'm a researcher with Govpack, an open-source technology that aggregates data on state- and local-level elected officials, allowing local newspapers to easily build candidate profiles and election guides. I'm in the process of data collection, and I wanted to make sure that I have complete, accurate data to fill out your profile.

This is the information I've collected:
• Name: Joshua M. Hall
• Official Facebook: https://www.facebook.com/RepHallCT
• Email: Joshua.Hall@cga.ct.gov
• Capitol Address: Legislative Office Building, Room 5007; Hartford, CT 06106-1591
• Capitol Phone: 860-240-8585
• District Address: 28 Canterbury Street; Hartford, CT 06112
• District Phone: 860-810-0471

I'm missing some information too, and I'm hoping you could help me fill in the gaps. I want to make sure that my data is equally robust for every public official. 

Here's the information I'm still looking for:
• Personal Facebook
• Campaign Facebook
• Official Twitter
• Personal Twitter
• Campaign Twitter
• Birth Date
• Youtube
• Official Instagram
• Personal Instagram
• Campaign Instagram
"
"Representative Fiorello,

I hope this email finds you well. I'm a researcher with Govpack, an open-source technology that aggregates data on state- and local-level elected officials, allowing local newspapers to easily build candidate profiles and election guides. I'm in the process of data collection, and I wanted to make sure that I have complete, accurate data to fill out your profile.

This is the information I've collected:
• Name: Kimberly Fiorello
• Official Facebook: https://www.facebook.com/RepFiorello
• Campaign Facebook: https://www.facebook.com/Kimberlyfor149
• Official Twitter: https://twitter.com/repfiorello
• Campaign Twitter: https://twitter.com/kimberlyfor149
• Email: Kimberly.Fiorello@housegop.ct.gov
• Capitol Address: Legislative Office Building, Room 4200; Hartford, CT 06106-1591
• Capitol Phone: 860-240-8700
• District Address: One Grove Lane; Greenwich, CT 06831
• Youtube: https://www.youtube.com/channel/UChsvUMR1foJ7qBZxwEueoFA
• Campaign Instagram: https://www.instagram.com/kimberlyfor149/?hl=en

I'm missing some information too, and I'm hoping you could help me fill in the gaps. I want to make sure that my data is equally robust for every public official. 

Here's the information I'm still looking for:
• Personal Facebook
• Personal Twitter
• Birth Date
• District Phone
• Official Instagram
• Personal Instagram
"
"Representative Blumenthal,

I hope this email finds you well. I'm a researcher with Govpack, an open-source technology that aggregates data on state- and local-level elected officials, allowing local newspapers to easily build candidate profiles and election guides. I'm in the process of data collection, and I wanted to make sure that I have complete, accurate data to fill out your profile.

This is the information I've collected:
• Name: Matt Blumenthal
• Official Facebook: https://www.facebook.com/MattBlumenthalCT
• Official Twitter: https://twitter.com/Matt_Blumenthal
• Email: Matt.Blumenthal@cga.ct.gov
• Birth Date: 1/30/86
• Capitol Address: Legislative Office Building, Room 2504; Hartford, CT 06106-1591
• Capitol Phone: 860-240-8585
• Youtube: https://www.youtube.com/channel/UC8vlxqy1j3n1NRmq8GMhCFw
• Official Instagram: https://www.instagram.com/mattblumenthalct/?hl=en

I'm missing some information too, and I'm hoping you could help me fill in the gaps. I want to make sure that my data is equally robust for every public official. 

Here's the information I'm still looking for:
• Personal Facebook
• Campaign Facebook
• Personal Twitter
• Campaign Twitter
• District Address
• District Phone
• Personal Instagram
• Campaign Instagram
"
"Representative Gonzalez,

I hope this email finds you well. I'm a researcher with Govpack, an open-source technology that aggregates data on state- and local-level elected officials, allowing local newspapers to easily build candidate profiles and election guides. I'm in the process of data collection, and I wanted to make sure that I have complete, accurate data to fill out your profile.

This is the information I've collected:
• Name: Minnie Gonzalez
• Official Facebook: https://www.facebook.com/pages/Representative-Minnie-Gonzalez/986663904726220
• Personal Facebook: https://www.facebook.com/minnie.gonzalez.7796
• Email: Minnie.Gonzalez@cga.ct.gov
• Birth Date: 1/4/50
• Capitol Address: Legislative Office Building, Room 4031; Hartford, CT 06106-1591
• Capitol Phone: 860-240-8585
• District Address: 97 Amity Street; Hartford, CT 06106
• District Phone: 860-655-5907

I'm missing some information too, and I'm hoping you could help me fill in the gaps. I want to make sure that my data is equally robust for every public official. 

Here's the information I'm still looking for:
• Campaign Facebook
• Official Twitter
• Personal Twitter
• Campaign Twitter
• Youtube
• Official Instagram
• Personal Instagram
• Campaign Instagram
"
"Senator Sampson,

I hope this email finds you well. I'm a researcher with Govpack, an open-source technology that aggregates data on state- and local-level elected officials, allowing local newspapers to easily build candidate profiles and election guides. I'm in the process of data collection, and I wanted to make sure that I have complete, accurate data to fill out your profile.

This is the information I've collected:
• Name: Rob Sampson
• Official Facebook: https://www.facebook.com/sampsonforct
• Official Twitter: https://twitter.com/rep80
• Email: rob.sampson@cga.ct.gov
• Birth Date: 8/28/69
• Capitol Address: Legislative Office Building, Room 3400; Hartford, CT 06106-1591
• Capitol Phone: 860-240-8800
• Youtube: https://www.youtube.com/channel/UCfGKlIcfbx22AEE7rmcsuSA
• Official Instagram: https://www.instagram.com/sampsonforct/?hl=en

I'm missing some information too, and I'm hoping you could help me fill in the gaps. I want to make sure that my data is equally robust for every public official. 

Here's the information I'm still looking for:
• Personal Facebook
• Campaign Facebook
• Personal Twitter
• Campaign Twitter
• District Address
• District Phone
• Personal Instagram
• Campaign Instagram
"
"Representative Exum,

I hope this email finds you well. I'm a researcher with Govpack, an open-source technology that aggregates data on state- and local-level elected officials, allowing local newspapers to easily build candidate profiles and election guides. I'm in the process of data collection, and I wanted to make sure that I have complete, accurate data to fill out your profile.

This is the information I've collected:
• Name: Tammy R. Exum
• Official Facebook: https://www.facebook.com/StateRepExum
• Campaign Facebook: https://www.facebook.com/Exum2022
• Official Twitter: https://twitter.com/tammy_exum
• Email: Tammy.Exum@cga.ct.gov
• Capitol Address: Legislative Office Building, Room 4014; Hartford, CT 06106-1591
• Capitol Phone: 860-240-8585
• Youtube: https://www.youtube.com/channel/UCmc5mr91baz1miw-s_bAAeQ
• Official Instagram: https://www.instagram.com/tammyexum2022/?hl=en
• Campaign Instagram: https://www.instagram.com/tammyrexum/?hl=en

I'm missing some information too, and I'm hoping you could help me fill in the gaps. I want to make sure that my data is equally robust for every public official. 

Here's the information I'm still looking for:
• Personal Facebook
• Personal Twitter
• Campaign Twitter
• Birth Date
• District Address
• District Phone
• Personal Instagram
"
"Representative Pizzuto,

I hope this email finds you well. I'm a researcher with Govpack, an open-source technology that aggregates data on state- and local-level elected officials, allowing local newspapers to easily build candidate profiles and election guides. I'm in the process of data collection, and I wanted to make sure that I have complete, accurate data to fill out your profile.

This is the information I've collected:
• Name: William Pizzuto
• Official Facebook: https://www.facebook.com/RepPizzuto
• Personal Facebook: https://www.facebook.com/profile.php?id=100077361575208
• Campaign Facebook: https://www.facebook.com/Pizzuto4Rep
• Email: William.Pizzuto@housegop.ct.gov
• Capitol Address: Legislative Office Bldg, Room 4200; Hartford, CT 06106-1591
• Capitol Phone: 860-240-8700
• Youtube: https://www.youtube.com/channel/UCYvr32giCVzirlp1ynB_slw

I'm missing some information too, and I'm hoping you could help me fill in the gaps. I want to make sure that my data is equally robust for every public official. 

Here's the information I'm still looking for:
• Official Twitter
• Personal Twitter
• Campaign Twitter
• Birth Date
• District Address
• District Phone
• Official Instagram
• Personal Instagram
• Campaign Instagram
"
"Senator Flexer,

I hope this email finds you well. I'm a researcher with Govpack, an open-source technology that aggregates data on state- and local-level elected officials, allowing local newspapers to easily build candidate profiles and election guides. I'm in the process of data collection, and I wanted to make sure that I have complete, accurate data to fill out your profile.

This is the information I've collected:
• Name: Mae Flexer
• Official Facebook: https://www.facebook.com/SenatorMaeFlexer
• Personal Facebook: https://www.facebook.com/mae.flexer
• Official Twitter: https://twitter.com/MaeFlexer
• Email: mae.flexer@cga.ct.gov
• Capitol Address: Legislative Office Building, Room 1805; Hartford, CT 06106-1591
• Capitol Phone: 860-240-8634
• District Phone: 860-208-0429
• Youtube: https://www.youtube.com/watch?v=ycjStEGdLcI&list=PLeQyZ24rIcSSuzJMZi0dcY4dqn-85KK8d
• Official Instagram: https://www.instagram.com/maeflexer/?hl=en

I'm missing some information too, and I'm hoping you could help me fill in the gaps. I want to make sure that my data is equally robust for every public official. 

Here's the information I'm still looking for:
• Campaign Facebook
• Personal Twitter
• Campaign Twitter
• Birth Date
• District Address
• Personal Instagram
• Campaign Instagram
"
"Senator Murphy,

I hope this email finds you well. I'm a researcher with Govpack, an open-source technology that aggregates data on state- and local-level elected officials, allowing local newspapers to easily build candidate profiles and election guides. I'm in the process of data collection, and I wanted to make sure that I have complete, accurate data to fill out your profile.

This is the information I've collected:
• Name: Christopher Murphy
• Official Facebook: https://www.facebook.com/senchrismurphy
• Personal Facebook: https://www.facebook.com/ChrisMurphyCT
• Official Twitter: https://twitter.com/ChrisMurphyCT
• Campaign Twitter: https://twitter.com/SenMurphyOffice
• Email: info@chrismurphy.com
• Birth Date: 8/3/73
• Capitol Address: 136 Hart Senate Office Bldg.; Washington, DC 20510
• Capitol Phone: 202-224-4041
• District Address: Colt Gateway 120 Huyshope Avenue, Suite 401; Hartford, CT 06106
• District Phone: 860-549-8463
• Youtube: https://www.youtube.com/c/SenatorChrisMurphy
• Official Instagram: https://www.instagram.com/senchrismurphy/?hl=en
• Personal Instagram: https://www.instagram.com/chrismurphyct/?hl=en

I'm missing some information too, and I'm hoping you could help me fill in the gaps. I want to make sure that my data is equally robust for every public official. 

Here's the information I'm still looking for:
• Campaign Facebook
• Personal Twitter
• Campaign Instagram
"
