"Representative Comey,<br><br>

I hope this email finds you well. I'm a researcher with Govpack, an open-source technology that aggregates data on state- and local-level elected officials, allowing local newspapers to easily build candidate profiles and election guides. I'm in the process of data collection, and I wanted to make sure that I have complete, accurate data to fill out your profile.<br><br>

This is the information I've collected:<br>
• Name: Robin E. Comey<br>
• Official Facebook: https://www.facebook.com/RepComey<br>
• Personal Facebook: https://www.facebook.com/rcomey<br>
• Campaign Facebook: https://www.facebook.com/BranfordRobin<br>
• Official Twitter: https://twitter.com/robincomey?lang=en<br>
• Email: Robin.Comey@cga.ct.gov<br>
• Birth Date: 9/16/67<br>
• Capitol Address: Legislative Office Building, Room 4000
Hartford, CT 06106-1591<br>
• Capitol Phone: 860-240-8585<br>
• District Address: 109 Shore Drive; Branford, CT 06405<br>
• District Phone: 203-415-5613<br>
• Youtube: https://www.youtube.com/channel/UCrcQ-hBOTsy2tBA0bY5lDuA<br>
• Official Instagram: https://www.instagram.com/robincomey/<br>
<br>
I'm missing some information too, and I'm hoping you could help me fill in the gaps. I want to make sure that my data is equally robust for every public official. <br><br>

Here's the information I'm still looking for:<br>
• Personal Twitter<br>
• Campaign Twitter<br>
• Personal Instagram<br>
• Campaign Instagram<br>
"
"Representative Haines,<br><br>

I hope this email finds you well. I'm a researcher with Govpack, an open-source technology that aggregates data on state- and local-level elected officials, allowing local newspapers to easily build candidate profiles and election guides. I'm in the process of data collection, and I wanted to make sure that I have complete, accurate data to fill out your profile.<br><br>

This is the information I've collected:<br>
• Name: Irene M. Haines<br>
• Official Facebook: https://www.facebook.com/RepHaines34<br>
• Personal Facebook: https://www.facebook.com/irene.haines.5<br>
• Campaign Facebook: https://www.facebook.com/IreneHainesPolitician<br>
• Campaign Twitter: https://twitter.com/IreneHaines9<br>
• Email: Irene.Haines@housegop.ct.gov<br>
• Capitol Address: Legislative Office Building, Room 4200
Hartford, CT 06106-1591<br>
• Capitol Phone: 860-240-8700<br>
• District Address: 112 Shanaghan Road; East Haddam, CT 06423<br>
• District Phone: 860-608-8931<br>
• Youtube: https://www.youtube.com/watch?v=tJrgbLLd1ns&list=PLqPLZyIoa1byfvAcMg7wGJA8JGUmS6Frz<br>
• Campaign Instagram: https://www.instagram.com/irenehaines/<br>
<br>
I'm missing some information too, and I'm hoping you could help me fill in the gaps. I want to make sure that my data is equally robust for every public official. <br><br>

Here's the information I'm still looking for:<br>
• Official Twitter<br>
• Personal Twitter<br>
• Birth Date<br>
• Official Instagram<br>
• Personal Instagram<br>
"
"Senator Haskell,<br><br>

I hope this email finds you well. I'm a researcher with Govpack, an open-source technology that aggregates data on state- and local-level elected officials, allowing local newspapers to easily build candidate profiles and election guides. I'm in the process of data collection, and I wanted to make sure that I have complete, accurate data to fill out your profile.<br><br>

This is the information I've collected:<br>
• Name: Will Haskell<br>
• Official Facebook: https://www.facebook.com/WillHaskellforCT<br>
• Personal Facebook: https://www.facebook.com/will.haskell.98<br>
• Official Twitter: https://twitter.com/WillHaskellCT<br>
• Email: will.haskell@cga.ct.gov<br>
• Birth Date: 6/28/96<br>
• Capitol Address: Legislative Office Building, Room 2200
Hartford, CT 06106-1591<br>
• Capitol Phone: 860-240-0068<br>
• District Address: 125 Weston Road; Westport, CT 06880<br>
• Youtube: https://www.youtube.com/watch?v=Iyt8lPjlxs8&list=PLOK0gFq0jsT4IjpFYjB7hx9S8PYPRsiJk<br>
• Official Instagram: https://www.instagram.com/willhaskellforct/<br>
<br>
I'm missing some information too, and I'm hoping you could help me fill in the gaps. I want to make sure that my data is equally robust for every public official. <br><br>

Here's the information I'm still looking for:<br>
• Campaign Facebook<br>
• Personal Twitter<br>
• Campaign Twitter<br>
• District Phone<br>
• Personal Instagram<br>
• Campaign Instagram<br>
"
"Senator Looney,<br><br>

I hope this email finds you well. I'm a researcher with Govpack, an open-source technology that aggregates data on state- and local-level elected officials, allowing local newspapers to easily build candidate profiles and election guides. I'm in the process of data collection, and I wanted to make sure that I have complete, accurate data to fill out your profile.<br><br>

This is the information I've collected:<br>
• Name: Martin M. Looney<br>
• Official Facebook: https://www.facebook.com/SenatorLooney<br>
• Personal Facebook: https://www.facebook.com/pages/Martin-Looney/109211415772774<br>
• Campaign Facebook: https://www.facebook.com/ReElectMartinLooney<br>
• Email: Looney@State Senatedems.ct.gov<br>
• Birth Date: 7/23/48<br>
• Capitol Address: Legislative Office Building, Room 3300
Hartford, CT 06106-1591<br>
• Capitol Phone: 860-240-0375<br>
• District Address: 132 Fort Hale Road; New Haven, CT 06512<br>
• District Phone: 203-468-8829<br>
• Youtube: https://www.youtube.com/watch?v=5bcF8gGMm1c&list=PL2456F6F480779D56<br>
<br>
I'm missing some information too, and I'm hoping you could help me fill in the gaps. I want to make sure that my data is equally robust for every public official. <br><br>

Here's the information I'm still looking for:<br>
• Official Twitter<br>
• Personal Twitter<br>
• Campaign Twitter<br>
• Official Instagram<br>
• Personal Instagram<br>
• Campaign Instagram<br>
"
"Representative Tercyak,<br><br>

I hope this email finds you well. I'm a researcher with Govpack, an open-source technology that aggregates data on state- and local-level elected officials, allowing local newspapers to easily build candidate profiles and election guides. I'm in the process of data collection, and I wanted to make sure that I have complete, accurate data to fill out your profile.<br><br>

This is the information I've collected:<br>
• Name: Peter A. Tercyak<br>
• Official Facebook: https://www.facebook.com/PeterTercyak<br>
• Email: Peter.Tercyak@cga.ct.gov<br>
• Birth Date: 12/27/54<br>
• Capitol Address: Legislative Office Building, Room 4025
Hartford, CT 06106-1591<br>
• Capitol Phone: 860-240-8585<br>
• District Address: 150 Belridge Road; New Britain, CT 06053<br>
<br>
I'm missing some information too, and I'm hoping you could help me fill in the gaps. I want to make sure that my data is equally robust for every public official. <br><br>

Here's the information I'm still looking for:<br>
• Personal Facebook<br>
• Campaign Facebook<br>
• Official Twitter<br>
• Personal Twitter<br>
• Campaign Twitter<br>
• District Phone<br>
• Youtube<br>
• Official Instagram<br>
• Personal Instagram<br>
• Campaign Instagram<br>
"
"Representative McCarthy Vahey,<br><br>

I hope this email finds you well. I'm a researcher with Govpack, an open-source technology that aggregates data on state- and local-level elected officials, allowing local newspapers to easily build candidate profiles and election guides. I'm in the process of data collection, and I wanted to make sure that I have complete, accurate data to fill out your profile.<br><br>

This is the information I've collected:<br>
• Name: Cristin McCarthy Vahey<br>
• Official Facebook: https://www.facebook.com/RepMcCarthyVahey<br>
• Personal Facebook: https://www.facebook.com/cristin.mccarthyvahey<br>
• Campaign Facebook: https://www.facebook.com/cmccarthyvahey<br>
• Official Twitter: https://twitter.com/CMcCarthyVahey<br>
• Email: Cristin.McCarthyVahey@cga.ct.gov<br>
• Capitol Address: Legislative Office Building, Room 2103
Hartford, CT 06106-1591<br>
• Capitol Phone: 860-240-8585<br>
• District Address: 1625 Melville Avenue; Fairfield, CT 06825<br>
• Youtube: https://www.youtube.com/channel/UCBE8ZqbkAzszAky39y8rZtw<br>
• Official Instagram: https://www.instagram.com/cristinmccarthyvahey/?hl=en<br>
<br>
I'm missing some information too, and I'm hoping you could help me fill in the gaps. I want to make sure that my data is equally robust for every public official. <br><br>

Here's the information I'm still looking for:<br>
• Personal Twitter<br>
• Campaign Twitter<br>
• Birth Date<br>
• District Phone<br>
• Personal Instagram<br>
• Campaign Instagram<br>
"
"Representative Fishbein,<br><br>

I hope this email finds you well. I'm a researcher with Govpack, an open-source technology that aggregates data on state- and local-level elected officials, allowing local newspapers to easily build candidate profiles and election guides. I'm in the process of data collection, and I wanted to make sure that I have complete, accurate data to fill out your profile.<br><br>

This is the information I've collected:<br>
• Name: Craig C. Fishbein<br>
• Official Facebook: https://www.facebook.com/repfishbein/<br>
• Official Twitter: https://twitter.com/CraigFishbein<br>
• Email: Craig.Fishbein@housegop.ct.gov<br>
• Birth Date: 7/16/65<br>
• Capitol Address: Legislative Office Building, Room 4200
Hartford, CT 06106-1591<br>
• Capitol Phone: 860-240-8700<br>
• District Address: 179 Grieb Road; Wallingford, CT 06492<br>
• Youtube: https://www.youtube.com/channel/UCybMyeWzUJDmpEw4njo5ZkA<br>
• Official Instagram: https://www.instagram.com/ccfishbein/?hl=en<br>
<br>
I'm missing some information too, and I'm hoping you could help me fill in the gaps. I want to make sure that my data is equally robust for every public official. <br><br>

Here's the information I'm still looking for:<br>
• Personal Facebook<br>
• Campaign Facebook<br>
• Personal Twitter<br>
• Campaign Twitter<br>
• District Phone<br>
• Personal Instagram<br>
• Campaign Instagram<br>
"
"Senator Osten,<br><br>

I hope this email finds you well. I'm a researcher with Govpack, an open-source technology that aggregates data on state- and local-level elected officials, allowing local newspapers to easily build candidate profiles and election guides. I'm in the process of data collection, and I wanted to make sure that I have complete, accurate data to fill out your profile.<br><br>

This is the information I've collected:<br>
• Name: Catherine A. Osten<br>
• Official Facebook: https://www.facebook.com/CathyOstenCT<br>
• Personal Facebook: https://www.facebook.com/cathyosten612016<br>
• Personal Twitter: https://twitter.com/CathyOsten<br>
• Email: Catherine.Osten@cga.ct.gov<br>
• Capitol Address: Legislative Office Building, Room 2700
Hartford, CT 06106-1591<br>
• Capitol Phone: 860-240-0579<br>
• District Address: 187 Scotland Road; Baltic, CT 06330<br>
• Youtube: https://www.youtube.com/watch?v=uIu6qBOoHno&list=PLeQyZ24rIcSSYFC3LyxramVLbNyYTVr9t<br>
• Official Instagram: https://www.instagram.com/catherineosten/<br>
<br>
I'm missing some information too, and I'm hoping you could help me fill in the gaps. I want to make sure that my data is equally robust for every public official. <br><br>

Here's the information I'm still looking for:<br>
• Campaign Facebook<br>
• Official Twitter<br>
• Campaign Twitter<br>
• Birth Date<br>
• District Phone<br>
• Personal Instagram<br>
• Campaign Instagram<br>
"
"Representative Barry,<br><br>

I hope this email finds you well. I'm a researcher with Govpack, an open-source technology that aggregates data on state- and local-level elected officials, allowing local newspapers to easily build candidate profiles and election guides. I'm in the process of data collection, and I wanted to make sure that I have complete, accurate data to fill out your profile.<br><br>

This is the information I've collected:<br>
• Name: Jill Barry<br>
• Official Facebook: https://www.facebook.com/RepBarry31<br>
• Campaign Facebook: https://www.facebook.com/Barry4CT<br>
• Personal Twitter: https://twitter.com/jillbarry1112<br>
• Email: Jill.Barry@cga.ct.gov<br>
• Birth Date: 11/12/73<br>
• Capitol Address: Legislative Office Building, Room 3103
Hartford, CT 06106-1591<br>
• Capitol Phone: 860-240-8585<br>
• District Address: 199 Cavan Lane; Glastonbury, CT 06033<br>
• Personal Instagram: https://www.instagram.com/jillian1112/<br>
<br>
I'm missing some information too, and I'm hoping you could help me fill in the gaps. I want to make sure that my data is equally robust for every public official. <br><br>

Here's the information I'm still looking for:<br>
• Personal Facebook<br>
• Official Twitter<br>
• Campaign Twitter<br>
• District Phone<br>
• Youtube<br>
• Official Instagram<br>
• Campaign Instagram<br>
"
"Senator Hartley,<br><br>

I hope this email finds you well. I'm a researcher with Govpack, an open-source technology that aggregates data on state- and local-level elected officials, allowing local newspapers to easily build candidate profiles and election guides. I'm in the process of data collection, and I wanted to make sure that I have complete, accurate data to fill out your profile.<br><br>

This is the information I've collected:<br>
• Name: Joan V. Hartley<br>
• Official Facebook: https://www.facebook.com/SenatorJoanHartley<br>
• Personal Facebook: https://www.facebook.com/joan.hartley.779/<br>
• Email: Hartley@State Senatedems.ct.gov<br>
• Capitol Address: Legislative Office Building, Room 2100
Hartford, CT 06106-1591<br>
• Capitol Phone: 860-240-0006<br>
• District Address: 206 Columbia Blvd.; Waterbury, CT 06710<br>
• Youtube: https://www.youtube.com/watch?v=Q9rm0UadTLY&list=PLE24B47368F004880<br>
<br>
I'm missing some information too, and I'm hoping you could help me fill in the gaps. I want to make sure that my data is equally robust for every public official. <br><br>

Here's the information I'm still looking for:<br>
• Campaign Facebook<br>
• Official Twitter<br>
• Personal Twitter<br>
• Campaign Twitter<br>
• Birth Date<br>
• District Phone<br>
• Official Instagram<br>
• Personal Instagram<br>
• Campaign Instagram<br>
"
"Representative McCarty,<br><br>

I hope this email finds you well. I'm a researcher with Govpack, an open-source technology that aggregates data on state- and local-level elected officials, allowing local newspapers to easily build candidate profiles and election guides. I'm in the process of data collection, and I wanted to make sure that I have complete, accurate data to fill out your profile.<br><br>

This is the information I've collected:<br>
• Name: Kathleen M. McCarty<br>
• Official Facebook: https://www.facebook.com/repmccarty<br>
• Personal Facebook: https://www.facebook.com/kathleen.mccarty.946<br>
• Campaign Facebook: https://www.facebook.com/profile.php?id=100068039149545<br>
• Email: Kathleen.McCarty@housegop.ct.gov<br>
• Birth Date: 12/2/49<br>
• Capitol Address: Legislative Office Building, Room 4046
Hartford, CT 06106-1591<br>
• Capitol Phone: 860-240-8700<br>
• District Address: 226 Great Neck Road; Waterford, CT 06385<br>
• District Phone: 860-442-2903<br>
• Youtube: https://www.youtube.com/watch?v=3zrA0T3VQvw&list=PLqPLZyIoa1bz6ENJklRy260LWeaKCx9WV<br>
• Official Instagram: https://www.instagram.com/repmccarty/?hl=en<br>
• Campaign Instagram: https://www.instagram.com/kathleen_mccarty_state_rep/?hl=en<br>
<br>
I'm missing some information too, and I'm hoping you could help me fill in the gaps. I want to make sure that my data is equally robust for every public official. <br><br>

Here's the information I'm still looking for:<br>
• Official Twitter<br>
• Personal Twitter<br>
• Campaign Twitter<br>
• Personal Instagram<br>
"
"Senator Kelly,<br><br>

I hope this email finds you well. I'm a researcher with Govpack, an open-source technology that aggregates data on state- and local-level elected officials, allowing local newspapers to easily build candidate profiles and election guides. I'm in the process of data collection, and I wanted to make sure that I have complete, accurate data to fill out your profile.<br><br>

This is the information I've collected:<br>
• Name: Kevin C. Kelly<br>
• Official Facebook: https://www.facebook.com/senatorkevinkelly<br>
• Campaign Facebook: https://www.facebook.com/KevinKellyforCT<br>
• Official Twitter: https://twitter.com/21KevinKelly<br>
• Email: Kevin.Kelly@cga.ct.gov<br>
• Capitol Address: Legislative Office Building, Room 2803
Hartford, CT 06106-1591<br>
• Capitol Phone: 860-240-8800<br>
• District Address: 240 York Street; Stratford, CT 06615<br>
• Youtube: https://www.youtube.com/watch?v=1xl9NqvQvDM&list=PLD51C3410BCD8115A<br>
• Official Instagram: https://www.instagram.com/senatorkevinckelly/?hl=en<br>
<br>
I'm missing some information too, and I'm hoping you could help me fill in the gaps. I want to make sure that my data is equally robust for every public official. <br><br>

Here's the information I'm still looking for:<br>
• Personal Facebook<br>
• Personal Twitter<br>
• Campaign Twitter<br>
• Birth Date<br>
• District Phone<br>
• Personal Instagram<br>
• Campaign Instagram<br>
"
"Representative Allie-Brennan,<br><br>

I hope this email finds you well. I'm a researcher with Govpack, an open-source technology that aggregates data on state- and local-level elected officials, allowing local newspapers to easily build candidate profiles and election guides. I'm in the process of data collection, and I wanted to make sure that I have complete, accurate data to fill out your profile.<br><br>

This is the information I've collected:<br>
• Name: Raghib Allie-Brennan<br>
• Official Facebook: https://www.facebook.com/raghibct<br>
• Personal Facebook: https://www.facebook.com/ralliebrennan<br>
• Official Twitter: https://twitter.com/raghibct<br>
• Email: Raghib.Allie-Brennan@cga.ct.gov<br>
• Birth Date: 7/20/91<br>
• Capitol Address: Legislative Office Building, Room 4000
Hartford, CT 06106-1591<br>
• Capitol Phone: 860-240-8585<br>
• District Address: 26 Grassy Plain Street, Unit 106; Bethel, CT 06801<br>
• District Phone: 203-241-6034<br>
• Youtube: https://www.youtube.com/channel/UCrVz9HIOvtsivOM6zyw9njQ<br>
• Official Instagram: https://www.instagram.com/raghibct/?hl=en<br>
<br>
I'm missing some information too, and I'm hoping you could help me fill in the gaps. I want to make sure that my data is equally robust for every public official. <br><br>

Here's the information I'm still looking for:<br>
• Campaign Facebook<br>
• Personal Twitter<br>
• Campaign Twitter<br>
• Personal Instagram<br>
• Campaign Instagram<br>
"
"Representative Fox,<br><br>

I hope this email finds you well. I'm a researcher with Govpack, an open-source technology that aggregates data on state- and local-level elected officials, allowing local newspapers to easily build candidate profiles and election guides. I'm in the process of data collection, and I wanted to make sure that I have complete, accurate data to fill out your profile.<br><br>

This is the information I've collected:<br>
• Name: Daniel J. Fox<br>
• Official Facebook: https://www.facebook.com/RepFox<br>
• Email: Dan.Fox@cga.ct.gov<br>
• Birth Date: 9/23/76<br>
• Capitol Address: Legislative Office Building, Room 2202
Hartford, CT 06106-1591<br>
• Capitol Phone: 860-240-8585<br>
• District Address: 28 Pierce Place; Stamford, CT 06906<br>
• District Phone: 203-569-6290<br>
<br>
I'm missing some information too, and I'm hoping you could help me fill in the gaps. I want to make sure that my data is equally robust for every public official. <br><br>

Here's the information I'm still looking for:<br>
• Personal Facebook<br>
• Campaign Facebook<br>
• Official Twitter<br>
• Personal Twitter<br>
• Campaign Twitter<br>
• Youtube<br>
• Official Instagram<br>
• Personal Instagram<br>
• Campaign Instagram<br>
"
"Representative Carpino,<br><br>

I hope this email finds you well. I'm a researcher with Govpack, an open-source technology that aggregates data on state- and local-level elected officials, allowing local newspapers to easily build candidate profiles and election guides. I'm in the process of data collection, and I wanted to make sure that I have complete, accurate data to fill out your profile.<br><br>

This is the information I've collected:<br>
• Name: Christie M. Carpino<br>
• Official Facebook: https://www.facebook.com/repcarpino<br>
• Personal Facebook: https://www.facebook.com/christie.carpino<br>
• Email: christie.carpino@housegop.ct.gov<br>
• Birth Date: 1975<br>
• Capitol Address: Legislative Office Building, Room 4065
Hartford, CT 06106-1591<br>
• Capitol Phone: 860-240-8700<br>
• District Address: 29 Sovereign Ridge; Cromwell, CT 06416<br>
• District Phone: 860-635-8725<br>
• Youtube: https://www.youtube.com/watch?v=DteOYHptrpk&list=PL9E6D0EE09D24C56D<br>
<br>
I'm missing some information too, and I'm hoping you could help me fill in the gaps. I want to make sure that my data is equally robust for every public official. <br><br>

Here's the information I'm still looking for:<br>
• Campaign Facebook<br>
• Official Twitter<br>
• Personal Twitter<br>
• Campaign Twitter<br>
• Official Instagram<br>
• Personal Instagram<br>
• Campaign Instagram<br>
"
"Representative McGorty,<br><br>

I hope this email finds you well. I'm a researcher with Govpack, an open-source technology that aggregates data on state- and local-level elected officials, allowing local newspapers to easily build candidate profiles and election guides. I'm in the process of data collection, and I wanted to make sure that I have complete, accurate data to fill out your profile.<br><br>

This is the information I've collected:<br>
• Name: Ben McGorty<br>
• Official Facebook: https://www.facebook.com/RepMcGorty<br>
• Personal Facebook: https://www.facebook.com/ben.mcgorty<br>
• Personal Twitter: https://mobile.twitter.com/benmcgorty<br>
• Email: Ben.McGorty@housegop.ct.gov<br>
• Birth Date: 5/2/64<br>
• Capitol Address: Legislative Office Building, Room 4062
Hartford, CT 06106-1591<br>
• Capitol Phone: 860-240-8700<br>
• District Address: 30 Wigwam Drive; Shelton, CT 06484<br>
• Youtube: https://www.youtube.com/watch?v=urDrFNElBPo&list=PLqPLZyIoa1bx1SwqTqMeRBk4EMKri8SpE<br>
• Personal Instagram: https://www.instagram.com/benmcgorty/<br>
<br>
I'm missing some information too, and I'm hoping you could help me fill in the gaps. I want to make sure that my data is equally robust for every public official. <br><br>

Here's the information I'm still looking for:<br>
• Campaign Facebook<br>
• Official Twitter<br>
• Campaign Twitter<br>
• District Phone<br>
• Official Instagram<br>
• Campaign Instagram<br>
"
"Representative Lanoue,<br><br>

I hope this email finds you well. I'm a researcher with Govpack, an open-source technology that aggregates data on state- and local-level elected officials, allowing local newspapers to easily build candidate profiles and election guides. I'm in the process of data collection, and I wanted to make sure that I have complete, accurate data to fill out your profile.<br><br>

This is the information I've collected:<br>
• Name: Brian Lanoue<br>
• Official Facebook: https://www.facebook.com/RepLanoue<br>
• Personal Facebook: https://www.facebook.com/brian.lanoue.353<br>
• Email: Brian.Lanoue@housegop.ct.gov<br>
• Birth Date: 1/29/82<br>
• Capitol Address: Legislative Office Building, Room 4200
Hartford, CT 06106-1591<br>
• Capitol Phone: 860-240-8700<br>
• District Address: 35 Kenwood Estates; Griswold, CT 06351<br>
• District Phone: 860-376-9354<br>
• Campaign Instagram: https://www.instagram.com/youthforlanoue/?hl=en<br>
<br>
I'm missing some information too, and I'm hoping you could help me fill in the gaps. I want to make sure that my data is equally robust for every public official. <br><br>

Here's the information I'm still looking for:<br>
• Campaign Facebook<br>
• Official Twitter<br>
• Personal Twitter<br>
• Campaign Twitter<br>
• Youtube<br>
• Official Instagram<br>
• Personal Instagram<br>
"
"Representative Zupkus,<br><br>

I hope this email finds you well. I'm a researcher with Govpack, an open-source technology that aggregates data on state- and local-level elected officials, allowing local newspapers to easily build candidate profiles and election guides. I'm in the process of data collection, and I wanted to make sure that I have complete, accurate data to fill out your profile.<br><br>

This is the information I've collected:<br>
• Name: Lezlye Zupkus<br>
• Official Facebook: https://www.facebook.com/repzupkus<br>
• Personal Facebook: https://www.facebook.com/lezlye.zupkus<br>
• Campaign Facebook: https://www.facebook.com/Zupkus2020<br>
• Email: Lezlye.Zupkus@housegop.ct.gov<br>
• Birth Date: 7/2/66<br>
• Capitol Address: Legislative Office Building, Room 4083
Hartford, CT 06106-1591<br>
• Capitol Phone: 860-240-8700<br>
• District Address: 38 Colonial Drive; Prospect, CT 06712<br>
• District Phone: 203-758-0029<br>
• Youtube: https://www.youtube.com/watch?v=dVx1N_aTdDg&list=PLqPLZyIoa1byZYA5Wy1_I6gLykPIoR3KT<br>
• Personal Instagram: https://www.instagram.com/lezlyezupkus/?hl=en<br>
<br>
I'm missing some information too, and I'm hoping you could help me fill in the gaps. I want to make sure that my data is equally robust for every public official. <br><br>

Here's the information I'm still looking for:<br>
• Official Twitter<br>
• Personal Twitter<br>
• Campaign Twitter<br>
• Official Instagram<br>
• Campaign Instagram<br>
"
"Representative Garibay,<br><br>

I hope this email finds you well. I'm a researcher with Govpack, an open-source technology that aggregates data on state- and local-level elected officials, allowing local newspapers to easily build candidate profiles and election guides. I'm in the process of data collection, and I wanted to make sure that I have complete, accurate data to fill out your profile.<br><br>

This is the information I've collected:<br>
• Name: Jane M. Garibay<br>
• Official Facebook: https://www.facebook.com/RepJaneGaribay<br>
• Personal Facebook: https://www.facebook.com/jane.garibay.3<br>
• Official Twitter: https://twitter.com/repjanegaribay<br>
• Email: Jane.Garibay@cga.ct.gov<br>
• Birth Date: 9/26/55<br>
• Capitol Address: Legislative Office Building, Room 4000
Hartford, CT 06106-1591<br>
• Capitol Phone: 860-240-8585<br>
• District Address: 409 Broad Street; Windsor, CT 06095<br>
• District Phone: 860-882-8842<br>
• Personal Instagram: https://www.instagram.com/janegaribay/<br>
• Campaign Instagram: https://www.instagram.com/janegaribayforhouse/<br>
<br>
I'm missing some information too, and I'm hoping you could help me fill in the gaps. I want to make sure that my data is equally robust for every public official. <br><br>

Here's the information I'm still looking for:<br>
• Campaign Facebook<br>
• Personal Twitter<br>
• Campaign Twitter<br>
• Youtube<br>
• Official Instagram<br>
"
"Representative Cook,<br><br>

I hope this email finds you well. I'm a researcher with Govpack, an open-source technology that aggregates data on state- and local-level elected officials, allowing local newspapers to easily build candidate profiles and election guides. I'm in the process of data collection, and I wanted to make sure that I have complete, accurate data to fill out your profile.<br><br>

This is the information I've collected:<br>
• Name: Michelle L. Cook<br>
• Official Facebook: https://www.facebook.com/repcook<br>
• Email: Michelle.Cook@cga.ct.gov<br>
• Birth Date: 1/19/70<br>
• Capitol Address: Legislative Office Building, Room 4035
Hartford, CT 06106-1591<br>
• Capitol Phone: 860-240-8585<br>
• District Address: 499 Charles Street; Torrington, CT 06790<br>
• District Phone: 860-489-8038<br>
• Campaign Instagram: https://www.instagram.com/cookfor65/?hl=en<br>
<br>
I'm missing some information too, and I'm hoping you could help me fill in the gaps. I want to make sure that my data is equally robust for every public official. <br><br>

Here's the information I'm still looking for:<br>
• Personal Facebook<br>
• Campaign Facebook<br>
• Official Twitter<br>
• Personal Twitter<br>
• Campaign Twitter<br>
• Youtube<br>
• Official Instagram<br>
• Personal Instagram<br>
"
"Representative Piscopo,<br><br>

I hope this email finds you well. I'm a researcher with Govpack, an open-source technology that aggregates data on state- and local-level elected officials, allowing local newspapers to easily build candidate profiles and election guides. I'm in the process of data collection, and I wanted to make sure that I have complete, accurate data to fill out your profile.<br><br>

This is the information I've collected:<br>
• Name: John E. Piscopo<br>
• Official Facebook: https://www.facebook.com/RepPiscopo<br>
• Campaign Facebook: https://www.facebook.com/Piscopo4StateRep<br>
• Email: John.Piscopo@housegop.ct.gov<br>
• Birth Date: 9/21/55<br>
• Capitol Address: Legislative Office Building, Room 4086
Hartford, CT 06106-1591<br>
• Capitol Phone: 860-240-8700<br>
• District Address: 50 Judson Street; Thomaston, CT 06787<br>
• Youtube: https://www.youtube.com/watch?v=Zqnkv-IxQkU&list=PL916868CA986CF8D9<br>
<br>
I'm missing some information too, and I'm hoping you could help me fill in the gaps. I want to make sure that my data is equally robust for every public official. <br><br>

Here's the information I'm still looking for:<br>
• Personal Facebook<br>
• Official Twitter<br>
• Personal Twitter<br>
• Campaign Twitter<br>
• District Phone<br>
• Official Instagram<br>
• Personal Instagram<br>
• Campaign Instagram<br>
"
"Senator Slap,<br><br>

I hope this email finds you well. I'm a researcher with Govpack, an open-source technology that aggregates data on state- and local-level elected officials, allowing local newspapers to easily build candidate profiles and election guides. I'm in the process of data collection, and I wanted to make sure that I have complete, accurate data to fill out your profile.<br><br>

This is the information I've collected:<br>
• Name: Derek Slap<br>
• Official Facebook: https://www.facebook.com/SenatorDerekSlap<br>
• Personal Facebook: https://www.facebook.com/derek.slap<br>
• Personal Twitter: https://twitter.com/derekslap<br>
• Campaign Twitter: https://mobile.twitter.com/slapforsenate<br>
• Email: derek.slap@cga.ct.gov<br>
• Birth Date: 1974<br>
• Capitol Address: Legislative Office Building, Room 1000
Hartford, CT 06106-1591<br>
• Capitol Phone: 860-240-1436<br>
• District Address: 51 Fairlee Road; West Hartford, CT 06107<br>
• Personal Instagram: https://www.instagram.com/derekslap/?hl=en<br>
• Campaign Instagram: https://www.instagram.com/slapforsenate/?hl=en<br>
<br>
I'm missing some information too, and I'm hoping you could help me fill in the gaps. I want to make sure that my data is equally robust for every public official. <br><br>

Here's the information I'm still looking for:<br>
• Campaign Facebook<br>
• Official Twitter<br>
• District Phone<br>
• Youtube<br>
• Official Instagram<br>
"
"Representative Courtney,<br><br>

I hope this email finds you well. I'm a researcher with Govpack, an open-source technology that aggregates data on state- and local-level elected officials, allowing local newspapers to easily build candidate profiles and election guides. I'm in the process of data collection, and I wanted to make sure that I have complete, accurate data to fill out your profile.<br><br>

This is the information I've collected:<br>
• Name: Joe Courtney<br>
• Official Facebook: https://www.facebook.com/joecourtney<br>
• Campaign Facebook: https://www.facebook.com/CourtneyforCongress<br>
• Official Twitter: https://twitter.com/RepJoeCourtney<br>
• Campaign Twitter: https://twitter.com/joecourtneyct<br>
• Email: Info@JoeCourtney.com<br>
• Birth Date: 4/6/53<br>
• Capitol Address: 2449 Rayburn House Office Building
Washington, DC 20515<br>
• Capitol Phone: 202-225-2076<br>
• District Address: 55 Main St. Suite 250; Norwich, CT 06360<br>
• District Phone: 860-886-0139<br>
• Youtube: https://www.youtube.com/c/RepCourtneyCT2<br>
• Official Instagram: https://www.instagram.com/repjoecourtney/?hl=en<br>
• Campaign Instagram: https://www.instagram.com/joecourtneyct/?hl=en<br>
<br>
I'm missing some information too, and I'm hoping you could help me fill in the gaps. I want to make sure that my data is equally robust for every public official. <br><br>

Here's the information I'm still looking for:<br>
• Personal Facebook<br>
• Personal Twitter<br>
• Personal Instagram<br>
"
"Representative DeLauro,<br><br>

I hope this email finds you well. I'm a researcher with Govpack, an open-source technology that aggregates data on state- and local-level elected officials, allowing local newspapers to easily build candidate profiles and election guides. I'm in the process of data collection, and I wanted to make sure that I have complete, accurate data to fill out your profile.<br><br>

This is the information I've collected:<br>
• Name: Rosa L. DeLauro<br>
• Official Facebook: https://www.facebook.com/CongresswomanRosaDeLauro<br>
• Personal Facebook: https://www.facebook.com/RosaDelauro<br>
• Campaign Facebook: https://www.facebook.com/rosa.delauro.7<br>
• Official Twitter: https://twitter.com/rosadelauro<br>
• Campaign Twitter: https://twitter.com/rosa_delauro<br>
• Birth Date: 3/2/43<br>
• Capitol Address: 2413 Rayburn House Office Building
Washington, DC 20515<br>
• Capitol Phone: 202-225-3661<br>
• District Address: 59 Elm St.; New Haven, CT 06510<br>
• District Phone: 203-562-3718<br>
• Youtube: https://www.youtube.com/user/RosaDeLauro<br>
• Official Instagram: https://www.instagram.com/reprosadelauro/?hl=en<br>
• Campaign Instagram: https://www.instagram.com/rosa_delauro/?hl=en<br>
<br>
I'm missing some information too, and I'm hoping you could help me fill in the gaps. I want to make sure that my data is equally robust for every public official. <br><br>

Here's the information I'm still looking for:<br>
• Personal Twitter<br>
• Email<br>
• Personal Instagram<br>
"
"Representative Buckbee,<br><br>

I hope this email finds you well. I'm a researcher with Govpack, an open-source technology that aggregates data on state- and local-level elected officials, allowing local newspapers to easily build candidate profiles and election guides. I'm in the process of data collection, and I wanted to make sure that I have complete, accurate data to fill out your profile.<br><br>

This is the information I've collected:<br>
• Name: Bill Buckbee<br>
• Official Facebook: https://www.facebook.com/Buckbee67<br>
• Personal Facebook: https://www.facebook.com/reelectbuckbee<br>
• Campaign Facebook: https://www.facebook.com/billy.buckbee<br>
• Official Twitter: https://twitter.com/buckbee_for_nm?lang=en<br>
• Personal Twitter: https://mobile.twitter.com/billybuckbee<br>
• Email: Bill.Buckbee@housegop.ct.gov<br>
• Capitol Address: Legislative Office Building, Room 4041
Hartford, CT 06106-1591<br>
• Capitol Phone: 860-240-8700<br>
• District Address: 64A Lanesville Road; New Milford, CT 06776<br>
• Youtube: https://www.youtube.com/channel/UCxShY7Bv20RbUXmjafAV1PQ<br>
<br>
I'm missing some information too, and I'm hoping you could help me fill in the gaps. I want to make sure that my data is equally robust for every public official. <br><br>

Here's the information I'm still looking for:<br>
• Campaign Twitter<br>
• Birth Date<br>
• District Phone<br>
• Official Instagram<br>
• Personal Instagram<br>
• Campaign Instagram<br>
"
"Representative Hughes,<br><br>

I hope this email finds you well. I'm a researcher with Govpack, an open-source technology that aggregates data on state- and local-level elected officials, allowing local newspapers to easily build candidate profiles and election guides. I'm in the process of data collection, and I wanted to make sure that I have complete, accurate data to fill out your profile.<br><br>

This is the information I've collected:<br>
• Name: Anne M. Hughes<br>
• Official Facebook: https://www.facebook.com/RepAnneHughes<br>
• Personal Facebook: https://www.facebook.com/anne.hughes.94<br>
• Campaign Facebook: https://www.facebook.com/hughesproactivect<br>
• Campaign Twitter: https://twitter.com/repannehughes?<br>
• Email: Anne.Hughes@cga.ct.gov<br>
• Birth Date: 7/3/65<br>
• Capitol Address: Legislative Office Building, Room 4000
Hartford, CT 06106-1591<br>
• Capitol Phone: 860-240-8585<br>
• District Address: 67 North Street; Easton, CT 06612<br>
• District Phone: 203-613-4040<br>
• Youtube: https://www.youtube.com/channel/UCSxz6YTCR6zbR1F6ZSjnjhg<br>
• Campaign Instagram: https://www.instagram.com/repannehughes/?hl=en<br>
<br>
I'm missing some information too, and I'm hoping you could help me fill in the gaps. I want to make sure that my data is equally robust for every public official. <br><br>

Here's the information I'm still looking for:<br>
• Official Twitter<br>
• Personal Twitter<br>
• Official Instagram<br>
• Personal Instagram<br>
"
"Senator Kushner,<br><br>

I hope this email finds you well. I'm a researcher with Govpack, an open-source technology that aggregates data on state- and local-level elected officials, allowing local newspapers to easily build candidate profiles and election guides. I'm in the process of data collection, and I wanted to make sure that I have complete, accurate data to fill out your profile.<br><br>

This is the information I've collected:<br>
• Name: Julie Kushner<br>
• Official Facebook: https://www.facebook.com/SenatorJulie<br>
• Personal Facebook: https://www.facebook.com/julie.kushner.1<br>
• Official Twitter: https://twitter.com/senatorjulie<br>
• Email: Julie.Kushner@cga.ct.gov<br>
• Birth Date: 1952<br>
• Capitol Address: Legislative Office Building, Room 3800
Hartford, CT 06106-1591<br>
• Capitol Phone: 860-240-0509<br>
• District Address: 75 Old Ridgebury Road; Danbury, CT 06810<br>
• District Phone: 203-470-7957<br>
• Youtube: https://www.youtube.com/channel/UCnLHkcT2tB2UzLPfd3tuFBA<br>
• Official Instagram: https://www.instagram.com/senatorjulie/?hl=en<br>
<br>
I'm missing some information too, and I'm hoping you could help me fill in the gaps. I want to make sure that my data is equally robust for every public official. <br><br>

Here's the information I'm still looking for:<br>
• Campaign Facebook<br>
• Personal Twitter<br>
• Campaign Twitter<br>
• Personal Instagram<br>
• Campaign Instagram<br>
"
"Representative Devlin,<br><br>

I hope this email finds you well. I'm a researcher with Govpack, an open-source technology that aggregates data on state- and local-level elected officials, allowing local newspapers to easily build candidate profiles and election guides. I'm in the process of data collection, and I wanted to make sure that I have complete, accurate data to fill out your profile.<br><br>

This is the information I've collected:<br>
• Name: Laura M. Devlin<br>
• Official Facebook: https://www.facebook.com/LauraDevlin134<br>
• Personal Facebook: https://www.facebook.com/LauraMDevlin<br>
• Campaign Facebook: https://www.facebook.com/LauraDevlinCT<br>
• Campaign Twitter: https://twitter.com/ldevlinct<br>
• Email: Laura.Devlin@housegop.ct.gov<br>
• Birth Date: 4/13/60<br>
• Capitol Address: Legislative Office Building, Room 2304
Hartford, CT 06106-1591<br>
• Capitol Phone: 860-240-8700<br>
• District Address: 85 Brett Lane; Fairfield, CT 06824<br>
• Youtube: https://www.youtube.com/watch?v=JuUQn5nL2kM&list=PLqPLZyIoa1bxDc_Zqg3h_PZ9aptAaa3Ws<br>
• Campaign Instagram: https://www.instagram.com/ldevlinct/?hl=en<br>
<br>
I'm missing some information too, and I'm hoping you could help me fill in the gaps. I want to make sure that my data is equally robust for every public official. <br><br>

Here's the information I'm still looking for:<br>
• Official Twitter<br>
• Personal Twitter<br>
• District Phone<br>
• Official Instagram<br>
• Personal Instagram<br>
"
"Representative Young,<br><br>

I hope this email finds you well. I'm a researcher with Govpack, an open-source technology that aggregates data on state- and local-level elected officials, allowing local newspapers to easily build candidate profiles and election guides. I'm in the process of data collection, and I wanted to make sure that I have complete, accurate data to fill out your profile.<br><br>

This is the information I've collected:<br>
• Name: Philip L. Young III<br>
• Official Facebook: https://www.facebook.com/RepPhilYoung<br>
• Campaign Facebook: https://www.facebook.com/PhilYoungforCT<br>
• Campaign Twitter: https://twitter.com/philyoungct?lang=en<br>
• Email: phil.young@cga.ct.gov<br>
• Capitol Address: Legislative Office Building, Room 4100
Hartford, CT 06106-1591<br>
• Capitol Phone: 860-240-8585<br>
• District Address: 88 Wood Avenue; Stratford, CT 06614<br>
• District Phone: 203-502-1458<br>
• Campaign Instagram: https://www.instagram.com/philyoungct/?hl=en<br>
<br>
I'm missing some information too, and I'm hoping you could help me fill in the gaps. I want to make sure that my data is equally robust for every public official. <br><br>

Here's the information I'm still looking for:<br>
• Personal Facebook<br>
• Official Twitter<br>
• Personal Twitter<br>
• Birth Date<br>
• Youtube<br>
• Official Instagram<br>
• Personal Instagram<br>
"
"Representative Hampton,<br><br>

I hope this email finds you well. I'm a researcher with Govpack, an open-source technology that aggregates data on state- and local-level elected officials, allowing local newspapers to easily build candidate profiles and election guides. I'm in the process of data collection, and I wanted to make sure that I have complete, accurate data to fill out your profile.<br><br>

This is the information I've collected:<br>
• Name: John K. Hampton<br>
• Official Facebook: https://www.facebook.com/staterephampton<br>
• Official Twitter: https://twitter.com/repjohnhampton?lang=en<br>
• Email: John.Hampton@cga.ct.gov<br>
• Birth Date: 12/6/66<br>
• Capitol Address: Legislative Office Building, Room 4017
Hartford, CT 06106-1591<br>
• Capitol Phone: 860-240-8568<br>
• District Address: 9 Knoll Lane; Weatogue, CT 06089<br>
• District Phone: 860-803-4072<br>
• Official Instagram: https://www.instagram.com/rep.johnhampton/?hl=en<br>
<br>
I'm missing some information too, and I'm hoping you could help me fill in the gaps. I want to make sure that my data is equally robust for every public official. <br><br>

Here's the information I'm still looking for:<br>
• Personal Facebook<br>
• Campaign Facebook<br>
• Personal Twitter<br>
• Campaign Twitter<br>
• Youtube<br>
• Personal Instagram<br>
• Campaign Instagram<br>
"
"Senator Anwar,<br><br>

I hope this email finds you well. I'm a researcher with Govpack, an open-source technology that aggregates data on state- and local-level elected officials, allowing local newspapers to easily build candidate profiles and election guides. I'm in the process of data collection, and I wanted to make sure that I have complete, accurate data to fill out your profile.<br><br>

This is the information I've collected:<br>
• Name: Saud Anwar<br>
• Official Facebook: https://www.facebook.com/SenatorSaudAnwar<br>
• Personal Facebook: https://www.facebook.com/msaud.anwar<br>
• Official Twitter: https://twitter.com/SaudAnwarCT<br>
• Email: Saud.Anwar@cga.ct.gov<br>
• Birth Date: 10/5/67<br>
• Capitol Address: Legislative Office Building, Room 3300
Hartford, CT 06106-1591<br>
• Capitol Phone: 860-240-0347<br>
• District Address: 93 Rockledge Drive; South Windsor, CT 06074<br>
• Youtube: https://www.youtube.com/channel/UC-dDILLVNFeQdymcf843Uqg<br>
• Official Instagram: https://www.instagram.com/saudanwarct/?hl=en<br>
<br>
I'm missing some information too, and I'm hoping you could help me fill in the gaps. I want to make sure that my data is equally robust for every public official. <br><br>

Here's the information I'm still looking for:<br>
• Campaign Facebook<br>
• Personal Twitter<br>
• Campaign Twitter<br>
• District Phone<br>
• Personal Instagram<br>
• Campaign Instagram<br>
"
"Representative Scott,<br><br>

I hope this email finds you well. I'm a researcher with Govpack, an open-source technology that aggregates data on state- and local-level elected officials, allowing local newspapers to easily build candidate profiles and election guides. I'm in the process of data collection, and I wanted to make sure that I have complete, accurate data to fill out your profile.<br><br>

This is the information I've collected:<br>
• Name: Tony J. Scott<br>
• Official Facebook: https://www.facebook.com/RepScott112th<br>
• Personal Facebook: https://www.facebook.com/psu98alum<br>
• Campaign Facebook: https://www.facebook.com/TonyScottforStateRep<br>
• Personal Twitter: https://twitter.com/iamtonyscott?lang=en<br>
• Email: Tony.Scott@housegop.ct.gov<br>
• Birth Date: 8/14/76<br>
• Capitol Address: Legislative Office Building, Room 4200
Hartford, CT 06106-1591<br>
• Capitol Phone: 860-240-8700<br>
• District Address: 97 Benedict Road; Monroe, CT 06468<br>
<br>
I'm missing some information too, and I'm hoping you could help me fill in the gaps. I want to make sure that my data is equally robust for every public official. <br><br>

Here's the information I'm still looking for:<br>
• Official Twitter<br>
• Campaign Twitter<br>
• District Phone<br>
• Youtube<br>
• Official Instagram<br>
• Personal Instagram<br>
• Campaign Instagram<br>
"
"Representative Carney,<br><br>

I hope this email finds you well. I'm a researcher with Govpack, an open-source technology that aggregates data on state- and local-level elected officials, allowing local newspapers to easily build candidate profiles and election guides. I'm in the process of data collection, and I wanted to make sure that I have complete, accurate data to fill out your profile.<br><br>

This is the information I've collected:<br>
• Name: Devin R. Carney<br>
• Official Facebook: https://www.facebook.com/repcarney<br>
• Campaign Facebook: https://www.facebook.com/DevinCarney2022<br>
• Email: Devin.Carney@housegop.ct.gov<br>
• Birth Date: 5/10/84<br>
• Capitol Address: Legislative Office Building, Room 2304
Hartford, CT 06106-1591<br>
• Capitol Phone: 860-240-8700<br>
• District Address: 99 Grassy Hill Road; Old Lyme, CT 06371<br>
• Youtube: https://www.youtube.com/watch?v=vbh9rkZRqxE&list=PLqPLZyIoa1bx_BaA1HvFKmFDTzHkpomJp<br>
• Official Instagram: https://www.instagram.com/repdevincarney/?hl=en<br>
<br>
I'm missing some information too, and I'm hoping you could help me fill in the gaps. I want to make sure that my data is equally robust for every public official. <br><br>

Here's the information I'm still looking for:<br>
• Personal Facebook<br>
• Official Twitter<br>
• Personal Twitter<br>
• Campaign Twitter<br>
• District Phone<br>
• Personal Instagram<br>
• Campaign Instagram<br>
"
"Representative Boyd,<br><br>

I hope this email finds you well. I'm a researcher with Govpack, an open-source technology that aggregates data on state- and local-level elected officials, allowing local newspapers to easily build candidate profiles and election guides. I'm in the process of data collection, and I wanted to make sure that I have complete, accurate data to fill out your profile.<br><br>

This is the information I've collected:<br>
• Name: Patrick S. Boyd<br>
• Official Facebook: https://www.facebook.com/RepBoyd<br>
• Personal Facebook: https://www.facebook.com/pat.boyd3<br>
• Campaign Facebook: https://www.facebook.com/PatBoydCT<br>
• Official Twitter: https://twitter.com/RepPatBoyd<br>
• Email: Pat.Boyd@cga.ct.gov<br>
• Birth Date: 1/28/81<br>
• Capitol Address: Legislative Office Building, Room 4005
Hartford, CT 06106-1591<br>
• Capitol Phone: 860-240-8585<br>
• District Address: PO Box 153;Pomfret, CT 06258<br>
• District Phone: 860-963-5202<br>
• Official Instagram: https://www.instagram.com/boyd_pat/?hl=en<br>
<br>
I'm missing some information too, and I'm hoping you could help me fill in the gaps. I want to make sure that my data is equally robust for every public official. <br><br>

Here's the information I'm still looking for:<br>
• Personal Twitter<br>
• Campaign Twitter<br>
• Youtube<br>
• Personal Instagram<br>
• Campaign Instagram<br>
"
"Representative Chafee,<br><br>

I hope this email finds you well. I'm a researcher with Govpack, an open-source technology that aggregates data on state- and local-level elected officials, allowing local newspapers to easily build candidate profiles and election guides. I'm in the process of data collection, and I wanted to make sure that I have complete, accurate data to fill out your profile.<br><br>

This is the information I've collected:<br>
• Name: Brandon Chafee<br>
• Official Facebook: https://www.facebook.com/RepBrandonChafee<br>
• Personal Facebook: https://www.facebook.com/BChafee2020<br>
• Official Twitter: https://twitter.com/Bchafee33<br>
• Email: Brandon.Chafee@cga.ct.gov<br>
• Capitol Address: Legislative Office Building, Room 4000
Hartford, CT 06106-1591<br>
• Capitol Phone: 860-240-8585<br>
• District Address: 73 Ten Acre Road; Middletown, CT 06457<br>
<br>
I'm missing some information too, and I'm hoping you could help me fill in the gaps. I want to make sure that my data is equally robust for every public official. <br><br>

Here's the information I'm still looking for:<br>
• Campaign Facebook<br>
• Personal Twitter<br>
• Campaign Twitter<br>
• Birth Date<br>
• District Phone<br>
• Youtube<br>
• Official Instagram<br>
• Personal Instagram<br>
• Campaign Instagram<br>
"
"Representative Paris,<br><br>

I hope this email finds you well. I'm a researcher with Govpack, an open-source technology that aggregates data on state- and local-level elected officials, allowing local newspapers to easily build candidate profiles and election guides. I'm in the process of data collection, and I wanted to make sure that I have complete, accurate data to fill out your profile.<br><br>

This is the information I've collected:<br>
• Name: Corey P. Paris<br>
• Official Facebook: https://www.facebook.com/RepCoreyParis<br>
• Personal Facebook: https://www.facebook.com/UNHcoreyparis<br>
• Campaign Facebook: https://www.facebook.com/CoreyParisforCT<br>
• Official Twitter: https://twitter.com/coreypparis?<br>
• Email: corey.paris@cga.ct.gov<br>
• Capitol Address: Legislative Office Building, Room 4033
Hartford, CT 06106-1591<br>
• Capitol Phone: 860-240-8585<br>
• Youtube: https://www.youtube.com/channel/UCN0ZaeP0BzexmsI6Yhnqhzw/channels<br>
• Official Instagram: https://www.instagram.com/repcoreyparis/<br>
• Personal Instagram: https://www.instagram.com/coreypparis/?hl=en<br>
• Campaign Instagram: https://www.instagram.com/coreyparisforct/<br>
<br>
I'm missing some information too, and I'm hoping you could help me fill in the gaps. I want to make sure that my data is equally robust for every public official. <br><br>

Here's the information I'm still looking for:<br>
• Personal Twitter<br>
• Campaign Twitter<br>
• Birth Date<br>
• District Address<br>
• District Phone<br>
"
"Representative Vargas,<br><br>

I hope this email finds you well. I'm a researcher with Govpack, an open-source technology that aggregates data on state- and local-level elected officials, allowing local newspapers to easily build candidate profiles and election guides. I'm in the process of data collection, and I wanted to make sure that I have complete, accurate data to fill out your profile.<br><br>

This is the information I've collected:<br>
• Name: Edwin Vargas<br>
• Official Facebook: https://www.facebook.com/RepVargas<br>
• Personal Facebook: https://www.facebook.com/vargased<br>
• Email: Edwin.Vargas@cga.ct.gov<br>
• Birth Date: 1/4/49<br>
• Capitol Address: Legislative Office Building, Room 1003
Hartford, CT 06106-1591<br>
• Capitol Phone: 860-240-8585<br>
• District Address: 141 Douglas Street; Hartford, CT 06114<br>
• District Phone: 860-956-1503<br>
<br>
I'm missing some information too, and I'm hoping you could help me fill in the gaps. I want to make sure that my data is equally robust for every public official. <br><br>

Here's the information I'm still looking for:<br>
• Campaign Facebook<br>
• Official Twitter<br>
• Personal Twitter<br>
• Campaign Twitter<br>
• Youtube<br>
• Official Instagram<br>
• Personal Instagram<br>
• Campaign Instagram<br>
"
"Representative Mastrofrancesco,<br><br>

I hope this email finds you well. I'm a researcher with Govpack, an open-source technology that aggregates data on state- and local-level elected officials, allowing local newspapers to easily build candidate profiles and election guides. I'm in the process of data collection, and I wanted to make sure that I have complete, accurate data to fill out your profile.<br><br>

This is the information I've collected:<br>
• Name: Gale L. Mastrofrancesco<br>
• Official Facebook: https://www.facebook.com/staterepgale<br>
• Personal Facebook: https://www.facebook.com/galelanza.mastrofrancesco<br>
• Campaign Facebook: https://www.facebook.com/profile.php?id=100064325910170<br>
• Email: Gale.Mastrofrancesco@housegop.ct.gov<br>
• Birth Date: 1/25/60<br>
• Capitol Address: Legislative Office Building, Room 4200
Hartford, CT 06106-1591<br>
• Capitol Phone: 860-240-8700<br>
• Personal Instagram: https://www.instagram.com/galemastro/?hl=en<br>
<br>
I'm missing some information too, and I'm hoping you could help me fill in the gaps. I want to make sure that my data is equally robust for every public official. <br><br>

Here's the information I'm still looking for:<br>
• Official Twitter<br>
• Personal Twitter<br>
• Campaign Twitter<br>
• District Address<br>
• District Phone<br>
• Youtube<br>
• Official Instagram<br>
• Campaign Instagram<br>
"
"Representative Delany,<br><br>

I hope this email finds you well. I'm a researcher with Govpack, an open-source technology that aggregates data on state- and local-level elected officials, allowing local newspapers to easily build candidate profiles and election guides. I'm in the process of data collection, and I wanted to make sure that I have complete, accurate data to fill out your profile.<br><br>

This is the information I've collected:<br>
• Name: Hubert D. Delany<br>
• Official Facebook: https://www.facebook.com/StateRepDelany<br>
• Personal Facebook: https://www.facebook.com/hubert.delany.5<br>
• Campaign Facebook: https://www.facebook.com/hubertforct<br>
• Official Twitter: https://mobile.twitter.com/hueyd23<br>
• Email: Hubert.Delany@cga.ct.gov<br>
• Birth Date: 1/31/93<br>
• Capitol Address: Legislative Office Bldg, Room 4010
Hartford, CT 06106-1591<br>
• Capitol Phone: 860-240-8585<br>
• Official Instagram: https://www.instagram.com/hubert.delany/?hl=en<br>
<br>
I'm missing some information too, and I'm hoping you could help me fill in the gaps. I want to make sure that my data is equally robust for every public official. <br><br>

Here's the information I'm still looking for:<br>
• Personal Twitter<br>
• Campaign Twitter<br>
• District Address<br>
• District Phone<br>
• Youtube<br>
• Personal Instagram<br>
• Campaign Instagram<br>
"
"Representative Hall,<br><br>

I hope this email finds you well. I'm a researcher with Govpack, an open-source technology that aggregates data on state- and local-level elected officials, allowing local newspapers to easily build candidate profiles and election guides. I'm in the process of data collection, and I wanted to make sure that I have complete, accurate data to fill out your profile.<br><br>

This is the information I've collected:<br>
• Name: Joshua M. Hall<br>
• Official Facebook: https://www.facebook.com/RepHallCT<br>
• Email: Joshua.Hall@cga.ct.gov<br>
• Capitol Address: Legislative Office Building, Room 5007
Hartford, CT 06106-1591<br>
• Capitol Phone: 860-240-8585<br>
• District Address: 28 Canterbury Street; Hartford, CT 06112<br>
• District Phone: 860-810-0471<br>
<br>
I'm missing some information too, and I'm hoping you could help me fill in the gaps. I want to make sure that my data is equally robust for every public official. <br><br>

Here's the information I'm still looking for:<br>
• Personal Facebook<br>
• Campaign Facebook<br>
• Official Twitter<br>
• Personal Twitter<br>
• Campaign Twitter<br>
• Birth Date<br>
• Youtube<br>
• Official Instagram<br>
• Personal Instagram<br>
• Campaign Instagram<br>
"
"Representative Fiorello,<br><br>

I hope this email finds you well. I'm a researcher with Govpack, an open-source technology that aggregates data on state- and local-level elected officials, allowing local newspapers to easily build candidate profiles and election guides. I'm in the process of data collection, and I wanted to make sure that I have complete, accurate data to fill out your profile.<br><br>

This is the information I've collected:<br>
• Name: Kimberly Fiorello<br>
• Official Facebook: https://www.facebook.com/RepFiorello<br>
• Campaign Facebook: https://www.facebook.com/Kimberlyfor149<br>
• Official Twitter: https://twitter.com/repfiorello<br>
• Campaign Twitter: https://twitter.com/kimberlyfor149<br>
• Email: Kimberly.Fiorello@housegop.ct.gov<br>
• Capitol Address: Legislative Office Building, Room 4200
Hartford, CT 06106-1591<br>
• Capitol Phone: 860-240-8700<br>
• District Address: One Grove Lane; Greenwich, CT 06831<br>
• Youtube: https://www.youtube.com/channel/UChsvUMR1foJ7qBZxwEueoFA<br>
• Campaign Instagram: https://www.instagram.com/kimberlyfor149/?hl=en<br>
<br>
I'm missing some information too, and I'm hoping you could help me fill in the gaps. I want to make sure that my data is equally robust for every public official. <br><br>

Here's the information I'm still looking for:<br>
• Personal Facebook<br>
• Personal Twitter<br>
• Birth Date<br>
• District Phone<br>
• Official Instagram<br>
• Personal Instagram<br>
"
"Representative Blumenthal,<br><br>

I hope this email finds you well. I'm a researcher with Govpack, an open-source technology that aggregates data on state- and local-level elected officials, allowing local newspapers to easily build candidate profiles and election guides. I'm in the process of data collection, and I wanted to make sure that I have complete, accurate data to fill out your profile.<br><br>

This is the information I've collected:<br>
• Name: Matt Blumenthal<br>
• Official Facebook: https://www.facebook.com/MattBlumenthalCT<br>
• Official Twitter: https://twitter.com/Matt_Blumenthal<br>
• Email: Matt.Blumenthal@cga.ct.gov<br>
• Birth Date: 1/30/86<br>
• Capitol Address: Legislative Office Building, Room 2504
Hartford, CT 06106-1591<br>
• Capitol Phone: 860-240-8585<br>
• Youtube: https://www.youtube.com/channel/UC8vlxqy1j3n1NRmq8GMhCFw<br>
• Official Instagram: https://www.instagram.com/mattblumenthalct/?hl=en<br>
<br>
I'm missing some information too, and I'm hoping you could help me fill in the gaps. I want to make sure that my data is equally robust for every public official. <br><br>

Here's the information I'm still looking for:<br>
• Personal Facebook<br>
• Campaign Facebook<br>
• Personal Twitter<br>
• Campaign Twitter<br>
• District Address<br>
• District Phone<br>
• Personal Instagram<br>
• Campaign Instagram<br>
"
"Representative Gonzalez,<br><br>

I hope this email finds you well. I'm a researcher with Govpack, an open-source technology that aggregates data on state- and local-level elected officials, allowing local newspapers to easily build candidate profiles and election guides. I'm in the process of data collection, and I wanted to make sure that I have complete, accurate data to fill out your profile.<br><br>

This is the information I've collected:<br>
• Name: Minnie Gonzalez<br>
• Official Facebook: https://www.facebook.com/pages/Representative-Minnie-Gonzalez/986663904726220<br>
• Personal Facebook: https://www.facebook.com/minnie.gonzalez.7796<br>
• Email: Minnie.Gonzalez@cga.ct.gov<br>
• Birth Date: 1/4/50<br>
• Capitol Address: Legislative Office Building, Room 4031
Hartford, CT 06106-1591<br>
• Capitol Phone: 860-240-8585<br>
• District Address: 97 Amity Street; Hartford, CT 06106<br>
• District Phone: 860-655-5907<br>
<br>
I'm missing some information too, and I'm hoping you could help me fill in the gaps. I want to make sure that my data is equally robust for every public official. <br><br>

Here's the information I'm still looking for:<br>
• Campaign Facebook<br>
• Official Twitter<br>
• Personal Twitter<br>
• Campaign Twitter<br>
• Youtube<br>
• Official Instagram<br>
• Personal Instagram<br>
• Campaign Instagram<br>
"
"Senator Sampson,<br><br>

I hope this email finds you well. I'm a researcher with Govpack, an open-source technology that aggregates data on state- and local-level elected officials, allowing local newspapers to easily build candidate profiles and election guides. I'm in the process of data collection, and I wanted to make sure that I have complete, accurate data to fill out your profile.<br><br>

This is the information I've collected:<br>
• Name: Rob Sampson<br>
• Official Facebook: https://www.facebook.com/sampsonforct<br>
• Official Twitter: https://twitter.com/rep80<br>
• Email: rob.sampson@cga.ct.gov<br>
• Birth Date: 8/28/69<br>
• Capitol Address: Legislative Office Building, Room 3400
Hartford, CT 06106-1591<br>
• Capitol Phone: 860-240-8800<br>
• Youtube: https://www.youtube.com/channel/UCfGKlIcfbx22AEE7rmcsuSA<br>
• Official Instagram: https://www.instagram.com/sampsonforct/?hl=en<br>
<br>
I'm missing some information too, and I'm hoping you could help me fill in the gaps. I want to make sure that my data is equally robust for every public official. <br><br>

Here's the information I'm still looking for:<br>
• Personal Facebook<br>
• Campaign Facebook<br>
• Personal Twitter<br>
• Campaign Twitter<br>
• District Address<br>
• District Phone<br>
• Personal Instagram<br>
• Campaign Instagram<br>
"
"Representative Exum,<br><br>

I hope this email finds you well. I'm a researcher with Govpack, an open-source technology that aggregates data on state- and local-level elected officials, allowing local newspapers to easily build candidate profiles and election guides. I'm in the process of data collection, and I wanted to make sure that I have complete, accurate data to fill out your profile.<br><br>

This is the information I've collected:<br>
• Name: Tammy R. Exum<br>
• Official Facebook: https://www.facebook.com/StateRepExum<br>
• Campaign Facebook: https://www.facebook.com/Exum2022<br>
• Official Twitter: https://twitter.com/tammy_exum<br>
• Email: Tammy.Exum@cga.ct.gov<br>
• Capitol Address: Legislative Office Building, Room 4014
Hartford, CT 06106-1591<br>
• Capitol Phone: 860-240-8585<br>
• Youtube: https://www.youtube.com/channel/UCmc5mr91baz1miw-s_bAAeQ<br>
• Official Instagram: https://www.instagram.com/tammyexum2022/?hl=en<br>
• Campaign Instagram: https://www.instagram.com/tammyrexum/?hl=en<br>
<br>
I'm missing some information too, and I'm hoping you could help me fill in the gaps. I want to make sure that my data is equally robust for every public official. <br><br>

Here's the information I'm still looking for:<br>
• Personal Facebook<br>
• Personal Twitter<br>
• Campaign Twitter<br>
• Birth Date<br>
• District Address<br>
• District Phone<br>
• Personal Instagram<br>
"
"Representative Pizzuto,<br><br>

I hope this email finds you well. I'm a researcher with Govpack, an open-source technology that aggregates data on state- and local-level elected officials, allowing local newspapers to easily build candidate profiles and election guides. I'm in the process of data collection, and I wanted to make sure that I have complete, accurate data to fill out your profile.<br><br>

This is the information I've collected:<br>
• Name: William Pizzuto<br>
• Official Facebook: https://www.facebook.com/RepPizzuto<br>
• Personal Facebook: https://www.facebook.com/profile.php?id=100077361575208<br>
• Campaign Facebook: https://www.facebook.com/Pizzuto4Rep<br>
• Email: William.Pizzuto@housegop.ct.gov<br>
• Capitol Address: Legislative Office Bldg, Room 4200
Hartford, CT 06106-1591<br>
• Capitol Phone: 860-240-8700<br>
• Youtube: https://www.youtube.com/channel/UCYvr32giCVzirlp1ynB_slw<br>
<br>
I'm missing some information too, and I'm hoping you could help me fill in the gaps. I want to make sure that my data is equally robust for every public official. <br><br>

Here's the information I'm still looking for:<br>
• Official Twitter<br>
• Personal Twitter<br>
• Campaign Twitter<br>
• Birth Date<br>
• District Address<br>
• District Phone<br>
• Official Instagram<br>
• Personal Instagram<br>
• Campaign Instagram<br>
"
"Senator Flexer,<br><br>

I hope this email finds you well. I'm a researcher with Govpack, an open-source technology that aggregates data on state- and local-level elected officials, allowing local newspapers to easily build candidate profiles and election guides. I'm in the process of data collection, and I wanted to make sure that I have complete, accurate data to fill out your profile.<br><br>

This is the information I've collected:<br>
• Name: Mae Flexer<br>
• Official Facebook: https://www.facebook.com/SenatorMaeFlexer<br>
• Personal Facebook: https://www.facebook.com/mae.flexer<br>
• Official Twitter: https://twitter.com/MaeFlexer<br>
• Email: mae.flexer@cga.ct.gov<br>
• Capitol Address: Legislative Office Building, Room 1805
Hartford, CT 06106-1591<br>
• Capitol Phone: 860-240-8634<br>
• District Phone: 860-208-0429<br>
• Youtube: https://www.youtube.com/watch?v=ycjStEGdLcI&list=PLeQyZ24rIcSSuzJMZi0dcY4dqn-85KK8d<br>
• Official Instagram: https://www.instagram.com/maeflexer/?hl=en<br>
<br>
I'm missing some information too, and I'm hoping you could help me fill in the gaps. I want to make sure that my data is equally robust for every public official. <br><br>

Here's the information I'm still looking for:<br>
• Campaign Facebook<br>
• Personal Twitter<br>
• Campaign Twitter<br>
• Birth Date<br>
• District Address<br>
• Personal Instagram<br>
• Campaign Instagram<br>
"
"Senator Murphy,<br><br>

I hope this email finds you well. I'm a researcher with Govpack, an open-source technology that aggregates data on state- and local-level elected officials, allowing local newspapers to easily build candidate profiles and election guides. I'm in the process of data collection, and I wanted to make sure that I have complete, accurate data to fill out your profile.<br><br>

This is the information I've collected:<br>
• Name: Christopher Murphy<br>
• Official Facebook: https://www.facebook.com/senchrismurphy<br>
• Personal Facebook: https://www.facebook.com/ChrisMurphyCT<br>
• Official Twitter: https://twitter.com/ChrisMurphyCT<br>
• Campaign Twitter: https://twitter.com/SenMurphyOffice<br>
• Email: info@chrismurphy.com<br>
• Birth Date: 8/3/73<br>
• Capitol Address: 136 Hart Senate Office Bldg.
Washington, DC 20510<br>
• Capitol Phone: 202-224-4041<br>
• District Address: Colt Gateway 120 Huyshope Avenue, Suite 401; Hartford, CT 06106<br>
• District Phone: 860-549-8463<br>
• Youtube: https://www.youtube.com/c/SenatorChrisMurphy<br>
• Official Instagram: https://www.instagram.com/senchrismurphy/?hl=en<br>
• Personal Instagram: https://www.instagram.com/chrismurphyct/?hl=en<br>
<br>
I'm missing some information too, and I'm hoping you could help me fill in the gaps. I want to make sure that my data is equally robust for every public official. <br><br>

Here's the information I'm still looking for:<br>
• Campaign Facebook<br>
• Personal Twitter<br>
• Campaign Instagram<br>
"
